3159_4312_0_0;Москва и Московская обл.
3159_4925_0_0;Санкт-Петербург и область
3159_4052_0_0;Краснодарский край
3159_5080_0_0;Свердловская обл.
3159_5246_0_0;Татарстан
3159_1998532_0_0;Адыгея
3159_3160_0_0;Алтайский край
3159_3223_0_0;Амурская обл.
3159_3251_0_0;Архангельская обл.
3159_3282_0_0;Астраханская обл.
3159_3296_0_0;Башкортостан(Башкирия)
3159_3352_0_0;Белгородская обл.
3159_3371_0_0;Брянская обл.
3159_3407_0_0;Бурятия
3159_3437_0_0;Владимирская обл.
3159_3468_0_0;Волгоградская обл.
3159_3503_0_0;Вологодская обл.
3159_3529_0_0;Воронежская обл.
3159_3630_0_0;Дагестан
3159_3673_0_0;Еврейская обл.
3159_3675_0_0;Ивановская обл.
3159_3703_0_0;Иркутская обл.
3159_3751_0_0;Кабардино-Балкария
3159_3761_0_0;Калининградская обл.
3159_3827_0_0;Калмыкия
3159_3841_0_0;Калужская обл.
3159_3872_0_0;Камчатская обл.
3159_3892_0_0;Карелия
3159_3921_0_0;Кемеровская обл.
3159_3952_0_0;Кировская обл.
3159_3994_0_0;Коми
3159_4026_0_0;Костромская обл.
3159_4105_0_0;Красноярский край
3159_4176_0_0;Курганская обл.
3159_4198_0_0;Курская обл.
3159_4227_0_0;Липецкая обл.
3159_4243_0_0;Магаданская обл.
3159_4270_0_0;Марий Эл
3159_4287_0_0;Мордовия
3159_4481_0_0;Мурманская обл.
3159_3563_0_0;Нижегородская (Горьковская)
3159_4503_0_0;Новгородская обл.
3159_4528_0_0;Новосибирская обл.
3159_4561_0_0;Омская обл.
3159_4593_0_0;Оренбургская обл.
3159_4633_0_0;Орловская обл.
3159_4657_0_0;Пензенская обл.
3159_4689_0_0;Пермский край
3159_4734_0_0;Приморский край
3159_4773_0_0;Псковская обл.
3159_4800_0_0;Ростовская обл.
3159_4861_0_0;Рязанская обл.
3159_4891_0_0;Самарская обл.
3159_4969_0_0;Саратовская обл.
3159_5011_0_0;Саха (Якутия)
3159_5052_0_0;Сахалин
3159_5151_0_0;Северная Осетия
3159_5161_0_0;Смоленская обл.
3159_5191_0_0;Ставропольский край
3159_5225_0_0;Тамбовская обл.
3159_3784_0_0;Тверская обл.
3159_5291_0_0;Томская обл.
3159_5312_0_0;Тува (Тувинская Респ.)
3159_5326_0_0;Тульская обл.
3159_5356_0_0;Тюменская обл. и Ханты-Мансийский АО
3159_5404_0_0;Удмуртия
3159_5432_0_0;Ульяновская обл.
3159_5473_0_0;Хабаровский край
3159_2316497_0_0;Хакасия
3159_5507_0_0;Челябинская обл.
3159_5543_0_0;Чеченская республика
3159_5555_0_0;Читинская обл.
3159_5600_0_0;Чувашия
3159_2415585_0_0;Чукотский АО
3159_5019394_0_0;Ямало-Ненецкий АО
3159_5625_0_0;Ярославская обл.
3159_28180484_0_0;Карачаево-Черкесская Республика
3159_4312_4400_0;Москва
3159_4312_4421_0;Подольск
3159_4312_4371_0;Коломна
3159_4312_4358_0;Зеленоград
3159_4312_4438_0;Сергиев Посад
3159_4312_4313_0;Абрамцево
3159_4312_4314_0;Алабино
3159_4312_4315_0;Апрелевка
3159_4312_4316_0;Архангельское
3159_4312_4317_0;Ашитково
3159_4312_7592923_0;Байконур
3159_4312_4318_0;Бакшеево
3159_4312_4319_0;Балашиха
3159_4312_4320_0;Барыбино
3159_4312_58417705_0;Белозёрский
3159_4312_4321_0;Белоомут
3159_4312_4322_0;Белые Столбы
3159_4312_4323_0;Бородино (Московская обл.)
3159_4312_4324_0;Бронницы
3159_4312_4325_0;Быково (Московская обл.)
3159_4312_4326_0;Валуево
3159_4312_4327_0;Вербилки
3159_4312_4328_0;Верея
3159_4312_4329_0;Видное
3159_4312_4330_0;Внуково
3159_4312_4331_0;Вождь Пролетариата
3159_4312_4332_0;Волоколамск
3159_4312_4333_0;Вороново
3159_4312_4334_0;Воскресенск
3159_4312_4335_0;Восточный
3159_4312_4336_0;Востряково
3159_4312_4337_0;Высоковск
3159_4312_4338_0;Голицыно (Московская обл.)
3159_4312_4339_0;Деденево
3159_4312_4340_0;Дедовск
3159_4312_4341_0;Дзержинский
3159_4312_4342_0;Дмитров
3159_4312_4343_0;Долгопрудный
3159_4312_4344_0;Домодедово
3159_4312_4345_0;Дорохово
3159_4312_4346_0;Дрезна
3159_4312_4347_0;Дубки
3159_4312_4348_0;Дубна
3159_4312_4349_0;Егорьевск
3159_4312_4350_0;Железнодорожный (Московск.)
3159_4312_4351_0;Жилево
3159_4312_58413957_0;Жуковка
3159_4312_4352_0;Жуковский
3159_4312_4353_0;Загорск
3159_4312_4354_0;Загорянский
3159_4312_4355_0;Запрудная
3159_4312_4356_0;Зарайск
3159_4312_4357_0;Звенигород
3159_4312_4359_0;Ивантеевка (Московская обл.)
3159_4312_4360_0;Икша
3159_4312_4361_0;Ильинский (Московская обл.)
3159_4312_4362_0;Истра
3159_4312_89867947_0;Калининец
3159_4312_4364_0;Кашира
3159_4312_4365_0;Керва
3159_4312_4366_0;Климовск
3159_4312_4367_0;Клин
3159_4312_4368_0;Клязьма
3159_4312_4369_0;Кожино
3159_4312_4370_0;Кокошкино
3159_4312_4372_0;Колюбакино
3159_4312_3118538_0;Королев
3159_4312_4373_0;Косино
3159_4312_4374_0;Котельники
3159_4312_4375_0;Красково
3159_4312_4376_0;Красноармейск (Московская обл.)
3159_4312_4377_0;Красногорск
3159_4312_4378_0;Краснозаводск
3159_4312_7593075_0;Краснознаменск (Московская обл.)
3159_4312_4379_0;Красный Ткач
3159_4312_4380_0;Крюково
3159_4312_4381_0;Кубинка
3159_4312_4382_0;Купавна
3159_4312_4383_0;Куровское
3159_4312_4384_0;Лесной Городок
3159_4312_4385_0;Ликино-Дулево
3159_4312_4386_0;Лобня
3159_4312_4387_0;Лопатинский
3159_4312_4388_0;Лосино-Петровский
3159_4312_4389_0;Лотошино
3159_4312_4390_0;Лукино
3159_4312_4391_0;Луховицы
3159_4312_4392_0;Лыткарино
3159_4312_4393_0;Львовский
3159_4312_4394_0;Люберцы
3159_4312_4395_0;Малаховка
3159_4312_4396_0;Михайловское
3159_4312_4397_0;Михнево
3159_4312_4398_0;Можайск
3159_4312_4399_0;Монино
3159_4312_197348373_0;Московский
3159_4312_4401_0;Муханово
3159_4312_4402_0;Мытищи
3159_4312_4403_0;Наро-Фоминск
3159_4312_4404_0;Нахабино
3159_4312_4405_0;Некрасовка
3159_4312_4406_0;Немчиновка
3159_4312_4407_0;Новобратцевский
3159_4312_4408_0;Новоподрезково
3159_4312_4409_0;Ногинск
3159_4312_4410_0;Обухово
3159_4312_4411_0;Одинцово
3159_4312_4412_0;Ожерелье
3159_4312_4413_0;Озеры
3159_4312_4414_0;Октябрьский (Московская обл.)
3159_4312_4415_0;Опалиха
3159_4312_4416_0;Орехово-Зуево
3159_4312_4417_0;Павловский Посад
3159_4312_4418_0;Первомайский (Московская обл.)
3159_4312_554405214_0;Пересвет
3159_4312_4419_0;Пески (Московская обл.)
3159_4312_4420_0;Пироговский
3159_4312_4422_0;Полушкино
3159_4312_4423_0;Правдинский
3159_4312_4424_0;Привокзальный
3159_4312_4425_0;Пролетарский
3159_4312_3138841_0;Протвино (Московская обл.)
3159_4312_4426_0;Пушкино
3159_4312_4427_0;Пущино
3159_4312_4428_0;Радовицкий
3159_4312_4429_0;Раменское
3159_4312_4430_0;Реутов
3159_4312_4431_0;Решетниково
3159_4312_4432_0;Родники (Московская обл.)
3159_4312_4433_0;Рошаль
3159_4312_4434_0;Рублево
3159_4312_4435_0;Руза
3159_4312_4436_0;Салтыковка
3159_4312_4437_0;Северный
3159_4312_4439_0;Серебряные Пруды
3159_4312_4440_0;Серпухов
3159_4312_4441_0;Солнечногорск
3159_4312_4442_0;Солнцево
3159_4312_4443_0;Софрино
3159_4312_4444_0;Старая Купавна
3159_4312_4445_0;Старбеево
3159_4312_4446_0;Ступино
3159_4312_4447_0;Сходня
3159_4312_4448_0;Талдом
3159_4312_4449_0;Текстильщик
3159_4312_4450_0;Темпы
3159_4312_4451_0;Тишково
3159_4312_4452_0;Томилино
3159_4312_4453_0;Троицк
3159_4312_4454_0;Туголесский Бор
3159_4312_4455_0;Тучково
3159_4312_4456_0;Уваровка
3159_4312_4457_0;Удельная
3159_4312_4458_0;Успенское
3159_4312_4459_0;Фирсановка
3159_4312_4460_0;Фосфоритный
3159_4312_4461_0;Фрязино
3159_4312_4462_0;Фряново
3159_4312_4463_0;Химки
3159_4312_4464_0;Хорлово
3159_4312_4465_0;Хотьково
3159_4312_4466_0;Черкизово
3159_4312_4467_0;Черноголовка
3159_4312_4468_0;Черусти
3159_4312_4469_0;Чехов
3159_4312_4470_0;Шарапово
3159_4312_4471_0;Шатура
3159_4312_4472_0;Шатурторф
3159_4312_4473_0;Шаховская
3159_4312_4474_0;Шереметьевский
3159_4312_4475_0;Щелково
3159_4312_4476_0;Щербинка
3159_4312_4477_0;Электрогорск
3159_4312_4478_0;Электросталь
3159_4312_4479_0;Электроугли
3159_4312_29086972_0;Юбилейный (Московская обл.)
3159_4312_4480_0;Яхрома
3159_4925_4962_0;Санкт-Петербург
3159_4925_4934_0;Выборг
3159_4925_4937_0;Гатчина
3159_4925_4946_0;Кириши
3159_4925_4949_0;Колпино
3159_4925_4926_0;Александровская
3159_4925_4927_0;Бокситогорск
3159_4925_4928_0;Большая Ижора
3159_4925_4929_0;Будогощь
3159_4925_4930_0;Вознесенье
3159_4925_4931_0;Волосово
3159_4925_4932_0;Волхов
3159_4925_4933_0;Всеволожск
3159_4925_4935_0;Вырица
3159_4925_4936_0;Высоцк
3159_4925_4938_0;Дружная Горка
3159_4925_4939_0;Дубровка
3159_4925_4940_0;Ефимовский
3159_4925_4941_0;Зеленогорск (Ленинградская обл.)
3159_4925_4942_0;Ивангород
3159_4925_4943_0;Каменногорск
3159_4925_4944_0;Кикерино
3159_4925_4945_0;Кингисепп
3159_4925_4947_0;Кировск
3159_4925_4948_0;Кобринское
3159_4925_278785_0;Коммунар
3159_4925_4950_0;Кронштадт
3159_4925_4952_0;Лисий Нос
3159_4925_4953_0;Лодейное Поле
3159_4925_4954_0;Ломоносов
3159_4925_4955_0;Луга
3159_4925_4956_0;Павловск (Ленинградская обл.)
3159_4925_4957_0;Парголово
3159_4925_4958_0;Петродворец
3159_4925_10504604_0;Пикалёво
3159_4925_4959_0;Подпорожье
3159_4925_4960_0;Приозерск
3159_4925_4961_0;Пушкин
3159_4925_20713472_0;Светогорск
3159_4925_21258596_0;Сертолово
3159_4925_4964_0;Сестрорецк
3159_4925_4965_0;Сланцы
3159_4925_4966_0;Сосновый Бор
3159_4925_4967_0;Тихвин
3159_4925_4968_0;Тосно
3159_4925_1924532_0;Шлиссельбург
3159_4052_4079_0;Краснодар
3159_4052_4094_0;Сочи
3159_4052_4088_0;Новороссийск
3159_4052_4057_0;Армавир
3159_4052_4055_0;Анапа
3159_4052_4053_0;Абинск
3159_4052_4054_0;Абрау-Дюрсо
3159_4052_279076_0;Адлер
3159_4052_4056_0;Апшеронск
3159_4052_4058_0;Архипо-Осиповка
3159_4052_4059_0;Афипский
3159_4052_4060_0;Ахтырский
3159_4052_4061_0;Ачуево
3159_4052_89913636_0;Белая Глина
3159_4052_4062_0;Белореченск
3159_4052_4063_0;Верхнебаканский
3159_4052_4064_0;Выселки
3159_4052_4065_0;Геленджик
3159_4052_4066_0;Гиагинская
3159_4052_4067_0;Горячий Ключ
3159_4052_58417424_0;Гулькевичи
3159_4052_4068_0;Джубга
3159_4052_4069_0;Динская
3159_4052_4070_0;Ейск
3159_4052_4071_0;Ильский
3159_4052_4072_0;Кабардинка
3159_4052_4073_0;Калинино
3159_4052_4074_0;Калининская
3159_4052_4075_0;Каменномостский
3159_4052_4076_0;Каневская
3159_4052_4077_0;Кореновск
3159_4052_4080_0;Кропоткин
3159_4052_4081_0;Крыловская
3159_4052_4082_0;Крымск
3159_4052_2185858_0;Курганинск
3159_4052_4083_0;Кущевская
3159_4052_4084_0;Лабинск
3159_4052_21260201_0;Лазаревское
3159_4052_4085_0;Ленинградская
3159_4052_4087_0;Мостовской
3159_4052_105953807_0;Новокубанск
3159_4052_4089_0;Отрадная
3159_4052_4090_0;Павловская
3159_4052_4078_0;Полтавская
3159_4052_4091_0;Приморско-Ахтарск
3159_4052_4092_0;Северская
3159_4052_4093_0;Славянск-на-Кубани
3159_4052_4095_0;Староминская
3159_4052_4096_0;Старощербиновская
3159_4052_4097_0;Тбилисская
3159_4052_4098_0;Темрюк
3159_4052_4099_0;Тимашевск
3159_4052_4100_0;Тихорецк
3159_4052_4101_0;Туапсе
3159_4052_4102_0;Тульский
3159_4052_4103_0;Усть-Лабинск
3159_4052_20286409_0;Хадыженск
3159_4052_90046385_0;Хоста
3159_4052_4104_0;Шовгеновский
3159_5080_5106_0;Екатеринбург
3159_5080_5128_0;Нижний Тагил
3159_5080_5115_0;Каменск-Уральский
3159_5080_5133_0;Первоуральск
3159_5080_5081_0;Алапаевск
3159_5080_5082_0;Алтынай
3159_5080_5083_0;Арамиль
3159_5080_5084_0;Артемовский (Свердловская обл.)
3159_5080_5085_0;Арти
3159_5080_5086_0;Асбест
3159_5080_5087_0;Ачит
3159_5080_5088_0;Байкалово
3159_5080_5089_0;Басьяновский
3159_5080_5090_0;Белоярский (Свердловская обл.)
3159_5080_5091_0;Березовский (Свердловская обл.)
3159_5080_135838877_0;Бисерть
3159_5080_5092_0;Богданович
3159_5080_5093_0;Буланаш
3159_5080_5094_0;Верхний Тагил
3159_5080_5095_0;Верхняя Пышма
3159_5080_5096_0;Верхняя Салда
3159_5080_5097_0;Верхняя Синячиха
3159_5080_5098_0;Верхняя Сысерть
3159_5080_5099_0;Верхняя Тура
3159_5080_5100_0;Верхотурье
3159_5080_5101_0;Висим
3159_5080_5102_0;Волчанск
3159_5080_5103_0;Воронцовка
3159_5080_5104_0;Гари
3159_5080_5105_0;Дегтярск
3159_5080_5107_0;Ертарский
3159_5080_5108_0;Заводоуспенское
3159_5080_58396276_0;Заречный
3159_5080_5109_0;Зыряновский
3159_5080_5110_0;Зюзельский
3159_5080_5111_0;Ивдель
3159_5080_5112_0;Изумруд
3159_5080_5113_0;Ирбит
3159_5080_5114_0;Ис
3159_5080_5116_0;Камышлов
3159_5080_5117_0;Карпинск
3159_5080_5118_0;Карпунинский
3159_5080_5119_0;Качканар
3159_5080_5120_0;Кировград
3159_5080_5121_0;Краснотурьинск
3159_5080_5122_0;Красноуральск
3159_5080_5123_0;Красноуфимск
3159_5080_5124_0;Кушва
3159_5080_4778496_0;Лесной
3159_5080_5125_0;Михайловск
3159_5080_5126_0;Невьянск
3159_5080_5127_0;Нижние Серги
3159_5080_5129_0;Нижняя Салда
3159_5080_5130_0;Нижняя Тура
3159_5080_5131_0;Новая Ляля
3159_5080_2499082_0;Новоуральск (Свердловская обл.)
3159_5080_5132_0;Оус
3159_5080_5134_0;Полевской
3159_5080_5135_0;Пышма
3159_5080_5136_0;Ревда (Свердловская обл.)
3159_5080_5137_0;Реж
3159_5080_89733702_0;Рефтинский
3159_5080_5138_0;Свердловск
3159_5080_5139_0;Североуральск
3159_5080_5140_0;Серов
3159_5080_5141_0;Сосьва
3159_5080_5142_0;Среднеуральск
3159_5080_5143_0;Сухой Лог
3159_5080_5144_0;Сысерть
3159_5080_5145_0;Таборы
3159_5080_5146_0;Тавда
3159_5080_5147_0;Талица
3159_5080_5148_0;Тугулым
3159_5080_5149_0;Туринск
3159_5080_5150_0;Туринская Слобода
3159_5246_5269_0;Казань
3159_5246_5281_0;Набережные Челны
3159_5246_5282_0;Нижнекамск
3159_5246_5252_0;Альметьевск
3159_5246_5260_0;Бугульма
3159_5246_5247_0;Агрыз
3159_5246_5248_0;Азнакаево
3159_5246_5249_0;Аксубаево
3159_5246_279068_0;Актаныш
3159_5246_5250_0;Актюбинский
3159_5246_5251_0;Алексеевское
3159_5246_5253_0;Апастово
3159_5246_5254_0;Арск
3159_5246_5255_0;Бавлы
3159_5246_5256_0;Базарные Матаки
3159_5246_5257_0;Балтаси
3159_5246_5258_0;Богатые Сабы
3159_5246_5272_0;Болгар (Татарстан)
3159_5246_5259_0;Брежнев
3159_5246_5261_0;Буинск
3159_5246_5262_0;Васильево
3159_5246_5263_0;Верхний Услон
3159_5246_5264_0;Высокая Гора
3159_5246_5265_0;Дербешкинский
3159_5246_5266_0;Елабуга
3159_5246_5267_0;Заинск
3159_5246_5268_0;Зеленодольск
3159_5246_5270_0;Камское Устье
3159_5246_5271_0;Карабаш (Татарстан)
3159_5246_5274_0;Кукмор
3159_5246_5275_0;Лаишево
3159_5246_5276_0;Лениногорск
3159_5246_5277_0;Мамадыш
3159_5246_5278_0;Менделеевск
3159_5246_5279_0;Мензелинск
3159_5246_5280_0;Муслюмово
3159_5246_5283_0;Новошешминск
3159_5246_5284_0;Нурлат
3159_5246_5285_0;Пестрецы
3159_5246_5286_0;Рыбная Слобода
3159_5246_5287_0;Сарманово
3159_5246_5288_0;Старое Дрожжаное
3159_5246_5289_0;Тетюши
3159_5246_580480940_0;Уруссу
3159_5246_20713153_0;Черемшан
3159_5246_5290_0;Чистополь
3159_1998532_1998542_0;Майкоп (Адыгея)
3159_1998532_1998584_0;Адыгейск
3159_3160_3166_0;Барнаул
3159_3160_3170_0;Бийск
3159_3160_3199_0;Рубцовск
3159_3160_3176_0;Горно-Алтайск
3159_3160_3192_0;Новоалтайск
3159_3160_3161_0;Акташ
3159_3160_3162_0;Акутиха
3159_3160_3163_0;Алейск
3159_3160_3164_0;Алтайский
3159_3160_3165_0;Баево
3159_3160_3167_0;Белово (Алтайский край)
3159_3160_3168_0;Белокуриха
3159_3160_3169_0;Белоярск
3159_3160_3171_0;Благовещенка
3159_3160_3172_0;Боровлянка
3159_3160_3173_0;Бурла
3159_3160_3174_0;Бурсоль
3159_3160_20289165_0;Быстрый Исток
3159_3160_3175_0;Волчиха
3159_3160_3177_0;Горняк
3159_3160_3178_0;Ельцовка
3159_3160_3179_0;Залесово
3159_3160_3180_0;Заринск
3159_3160_3181_0;Заток
3159_3160_3182_0;Змеиногорск
3159_3160_3183_0;Камень-на-Оби
3159_3160_3184_0;Ключи (Алтайский край)
3159_3160_3185_0;Кош-Агач
3159_3160_3186_0;Красногорское (Алтайский край)
3159_3160_3187_0;Краснощеково
3159_3160_3188_0;Кулунда
3159_3160_3189_0;Кытманово
3159_3160_3190_0;Мамонтово
3159_3160_3191_0;Новичиха
3159_3160_3193_0;Онгудай
3159_3160_3194_0;Павловск (Алтайский край)
3159_3160_3195_0;Петропавловское
3159_3160_3196_0;Поспелиха
3159_3160_3197_0;Ребриха
3159_3160_3198_0;Родино
3159_3160_3200_0;Славгород
3159_3160_3201_0;Смоленское
3159_3160_3202_0;Солонешное
3159_3160_3203_0;Солтон
3159_3160_3204_0;Староаллейское
3159_3160_3205_0;Табуны
3159_3160_3206_0;Тальменка
3159_3160_58409722_0;Тогул
3159_3160_3207_0;Топчиха
3159_3160_3208_0;Троицкое (Алтайский край)
3159_3160_3209_0;Турочак
3159_3160_3210_0;Тюменцево
3159_3160_3211_0;Угловское
3159_3160_3212_0;Усть-Калманка
3159_3160_3213_0;Усть-Кан
3159_3160_3214_0;Усть-Кокса
3159_3160_3215_0;Усть-Улаган
3159_3160_3216_0;Усть-Чарышская Пристань
3159_3160_3217_0;Хабары
3159_3160_3218_0;Целинное
3159_3160_3219_0;Чарышское
3159_3160_3220_0;Шебалино
3159_3160_3221_0;Шелаболиха
3159_3160_3222_0;Шипуново
3159_3223_3227_0;Благовещенск (Амурская обл.)
3159_3223_3226_0;Белогорск
3159_3223_3242_0;Свободный
3159_3223_3247_0;Тында
3159_3223_3233_0;Зея
3159_3223_3224_0;Айгунь
3159_3223_3225_0;Архара
3159_3223_3228_0;Бурея
3159_3223_3229_0;Возжаевка
3159_3223_3230_0;Екатеринославка
3159_3223_3231_0;Ерофей Павлович
3159_3223_3232_0;Завитинск
3159_3223_3234_0;Златоустовск
3159_3223_3235_0;Ивановка
3159_3223_3236_0;Коболдо
3159_3223_3237_0;Магдагачи
3159_3223_3238_0;Новобурейский
3159_3223_3239_0;Поярково
3159_3223_3240_0;Райчихинск
3159_3223_3241_0;Ромны
3159_3223_3243_0;Серышево
3159_3223_3244_0;Сковородино
3159_3223_3245_0;Стойба
3159_3223_3246_0;Тамбовка
3159_3223_90014121_0;Февральск
3159_3223_3248_0;Шимановск
3159_3223_3249_0;Экимчан
3159_3223_3250_0;Ядрино
3159_3251_3253_0;Архангельск
3159_3251_3277_0;Северодвинск
3159_3251_3267_0;Котлас
3159_3251_3266_0;Коряжма
3159_3251_3271_0;Нарьян-Мар
3159_3251_3252_0;Амдерма
3159_3251_3254_0;Березник
3159_3251_3255_0;Вельск
3159_3251_3256_0;Верхняя Тойма
3159_3251_3257_0;Волошка
3159_3251_3258_0;Вычегодский
3159_3251_3259_0;Емца
3159_3251_3260_0;Илеза
3159_3251_3261_0;Ильинско-Подомское
3159_3251_3262_0;Каргополь (Архангельская обл.)
3159_3251_3263_0;Карпогоры
3159_3251_3264_0;Кодино
3159_3251_3265_0;Коноша
3159_3251_3268_0;Красноборск
3159_3251_3269_0;Лешуконское
3159_3251_3270_0;Мезень
3159_3251_1924171_0;Мирный (Архангельская обл.)
3159_3251_3272_0;Новодвинск
3159_3251_3273_0;Няндома
3159_3251_592706590_0;Октябрьский
3159_3251_3274_0;Онега
3159_3251_3275_0;Пинега
3159_3251_3276_0;Плесецк
3159_3251_58420671_0;Савинск
3159_3251_3278_0;Сольвычегодск
3159_3251_3279_0;Холмогоры
3159_3251_3280_0;Шенкурск
3159_3251_3281_0;Яренск
3159_3282_3283_0;Астрахань
3159_3282_3284_0;Ахтубинск
3159_3282_3290_0;Капустин Яр
3159_3282_3294_0;Харабали
3159_3282_3289_0;Камызяк
3159_3282_3285_0;Верхний Баскунчак
3159_3282_3286_0;Володарский
3159_3282_3287_0;Енотаевка
3159_3282_3288_0;Икряное
3159_3282_3291_0;Красный Яр (Астраханская обл.)
3159_3282_3292_0;Лиман
3159_3282_3293_0;Началово
3159_3282_3295_0;Черный Яр
3159_3296_3345_0;Уфа
3159_3296_3343_0;Стерлитамак
3159_3296_3338_0;Салават
3159_3296_3336_0;Октябрьский (Башкирия)
3159_3296_3335_0;Нефтекамск
3159_3296_89911603_0;Агидель
3159_3296_3297_0;Аксаково
3159_3296_3298_0;Амзя
3159_3296_58418863_0;Архангелькое
3159_3296_58410888_0;Аскарово
3159_3296_3299_0;Аскино
3159_3296_3300_0;Баймак
3159_3296_3301_0;Бакалы
3159_3296_3302_0;Белебей
3159_3296_3303_0;Белорецк
3159_3296_3304_0;Бижбуляк
3159_3296_3305_0;Бирск
3159_3296_3306_0;Благовещенск (Башкирия)
3159_3296_3307_0;Большеустьикинское
3159_3296_1929637_0;Бураево
3159_3296_3308_0;Верхнеяркеево
3159_3296_3309_0;Верхние Киги
3159_3296_3310_0;Верхние Татышлы
3159_3296_3311_0;Верхний Авзян
3159_3296_3312_0;Давлеканово
3159_3296_3313_0;Дуван
3159_3296_3314_0;Дюртюли
3159_3296_3315_0;Ермекеево
3159_3296_3316_0;Ермолаево
3159_3296_3317_0;Зилаир
3159_3296_3318_0;Зирган
3159_3296_3319_0;Иглино
3159_3296_3320_0;Инзер
3159_3296_3321_0;Исянгулово
3159_3296_3322_0;Ишимбай
3159_3296_26384790_0;Калтасы
3159_3296_3323_0;Кананикольское
3159_3296_3324_0;Кандры
3159_3296_3325_0;Караидель
3159_3296_3326_0;Караидельский
3159_3296_3327_0;Киргиз-Мияки
3159_3296_3328_0;Красноусольский
3159_3296_3329_0;Кумертау
3159_3296_3330_0;Кушнаренково
3159_3296_3331_0;Малояз
3159_3296_20288109_0;Межгорье
3159_3296_3332_0;Мелеуз
3159_3296_3333_0;Месягутово
3159_3296_3334_0;Мраково
3159_3296_58392408_0;Приютово
3159_3296_3337_0;Раевский
3159_3296_3339_0;Сибай
3159_3296_3340_0;Старобалтачево
3159_3296_3341_0;Старосубхангулово
3159_3296_3342_0;Стерлибашево
3159_3296_3344_0;Туймазы
3159_3296_3346_0;Учалы
3159_3296_3347_0;Федоровка (Башкирия)
3159_3296_3348_0;Чекмагуш
3159_3296_3349_0;Чишмы
3159_3296_3350_0;Шаран
3159_3296_3351_0;Янаул
3159_3352_3354_0;Белгород
3159_3352_3367_0;Старый Оскол
3159_3352_3360_0;Губкин
3159_3352_3353_0;Алексеевка (Белгородская обл.)
3159_3352_3370_0;Шебекино
3159_3352_3355_0;Борисовка
3159_3352_3356_0;Валуйки
3159_3352_3357_0;Вейделевка
3159_3352_3358_0;Волоконовка
3159_3352_3359_0;Грайворон
3159_3352_3361_0;Ивня
3159_3352_3362_0;Короча
3159_3352_3363_0;Красногвардейское (Белгород.)
3159_3352_3364_0;Новый Оскол
3159_3352_3365_0;Ракитное
3159_3352_3366_0;Ровеньки
3159_3352_3368_0;Строитель
3159_3352_3369_0;Чернянка
3159_3371_3376_0;Брянск
3159_3371_3389_0;Клинцы
3159_3371_3396_0;Новозыбков
3159_3371_3406_0;Унеча
3159_3371_278893_0;Дятьково
3159_3371_3372_0;Алтухово
3159_3371_3373_0;Белая Березка
3159_3371_3374_0;Белые Берега
3159_3371_3375_0;Большое Полпино
3159_3371_3377_0;Бытошь
3159_3371_3378_0;Выгоничи
3159_3371_3379_0;Вышков
3159_3371_3380_0;Гордеевка
3159_3371_3381_0;Дубровка (Брянская обл.)
3159_3371_3382_0;Жирятино
3159_3371_3383_0;Жуковка
3159_3371_3384_0;Злынка
3159_3371_3385_0;Ивот
3159_3371_3386_0;Карачев
3159_3371_3387_0;Клетня
3159_3371_3388_0;Климово
3159_3371_3390_0;Кокоревка
3159_3371_3391_0;Комаричи
3159_3371_3392_0;Красная Гора
3159_3371_3393_0;Локоть (Брянская обл.)
3159_3371_3394_0;Мглин
3159_3371_3395_0;Навля
3159_3371_3397_0;Погар
3159_3371_3398_0;Почеп
3159_3371_3399_0;Ржаница
3159_3371_3400_0;Рогнедино
3159_3371_3401_0;Севск
3159_3371_3402_0;Стародуб
3159_3371_3403_0;Суземка
3159_3371_3404_0;Сураж
3159_3371_3405_0;Трубчевск
3159_3407_3435_0;Улан-Удэ
3159_3407_5555962_0;Северобайкальск (Бурятия)
3159_3407_3425_0;Кяхта
3159_3407_3415_0;Гусиноозерск
3159_3407_3408_0;Бабушкин
3159_3407_3409_0;Багдарин
3159_3407_3410_0;Баргузин
3159_3407_3411_0;Баянгол
3159_3407_3412_0;Бичура
3159_3407_3413_0;Выдрино
3159_3407_3414_0;Гусиное Озеро
3159_3407_3416_0;Заиграево
3159_3407_3417_0;Закаменск
3159_3407_3418_0;Иволгинск
3159_3407_3419_0;Илька
3159_3407_3420_0;Кабанск
3159_3407_3421_0;Каменск
3159_3407_3422_0;Кижинга
3159_3407_3423_0;Курумкан
3159_3407_3424_0;Кырен
3159_3407_3426_0;Монды
3159_3407_3427_0;Мухоршибирь
3159_3407_3428_0;Нижнеангарск
3159_3407_3429_0;Орлик
3159_3407_3430_0;Петропавловка (Бурятия)
3159_3407_3431_0;Романовка (Бурятия)
3159_3407_3432_0;Селенгинск
3159_3407_3433_0;Сосново-Озерское
3159_3407_3145145_0;Таксимо (Бурятия)
3159_3407_3434_0;Турунтаево
3159_3407_3436_0;Хоринск
3159_3437_3446_0;Владимир
3159_3437_3457_0;Ковров
3159_3437_3461_0;Муром
3159_3437_3438_0;Александров
3159_3437_3447_0;Вязники
3159_3437_3439_0;Андреево
3159_3437_3440_0;Анопино
3159_3437_3441_0;Бавлены
3159_3437_3442_0;Балакирево
3159_3437_3443_0;Боголюбово
3159_3437_3444_0;Великодворский
3159_3437_3445_0;Вербовский
3159_3437_3448_0;Городищи (Владимирская обл.)
3159_3437_3449_0;Гороховец
3159_3437_3450_0;Гусевский
3159_3437_3451_0;Гусь Хрустальный
3159_3437_278930_0;Гусь-Хрустальный
3159_3437_3452_0;Золотково
3159_3437_3453_0;Иванищи
3159_3437_3454_0;Камешково
3159_3437_3455_0;Карабаново
3159_3437_3456_0;Киржач
3159_3437_3458_0;Кольчугино
3159_3437_3459_0;Красная Горбатка
3159_3437_58393366_0;Лакинск
3159_3437_3460_0;Меленки
3159_3437_3462_0;Петушки
3159_3437_3463_0;Покров
3159_3437_20710479_0;Радужный (Владимирская обл.)
3159_3437_3464_0;Собинка
3159_3437_3465_0;Судогда
3159_3437_3466_0;Суздаль
3159_3437_3467_0;Юрьев-Польский
3159_3468_3472_0;Волгоград
3159_3468_3473_0;Волжский (Волгоградская обл.)
3159_3468_3480_0;Камышин
3159_3468_3486_0;Михайловка
3159_3468_3500_0;Урюпинск
3159_3468_3469_0;Алексеевская
3159_3468_3470_0;Алущевск
3159_3468_3471_0;Быково (Волгоградская обл.)
3159_3468_3474_0;Городище (Волгоградская обл.)
3159_3468_3475_0;Дубовка (Волгоградская обл.)
3159_3468_3476_0;Елань
3159_3468_3477_0;Жирновск
3159_3468_3478_0;Иловля
3159_3468_3479_0;Калач-на-Дону
3159_3468_10500382_0;Кириллов
3159_3468_3481_0;Клетский
3159_3468_3482_0;Котельниково
3159_3468_3483_0;Котово
3159_3468_3484_0;Кумылженская
3159_3468_3485_0;Ленинск
3159_3468_3487_0;Нехаевский
3159_3468_3488_0;Николаевск
3159_3468_3489_0;Новоаннинский
3159_3468_3490_0;Новониколаевский
3159_3468_3491_0;Ольховка
3159_3468_3492_0;Палласовка (Волгоградская обл.)
3159_3468_3493_0;Рудня (Волгоградская обл.)
3159_3468_3494_0;Светлый Яр
3159_3468_3495_0;Серафимович
3159_3468_3496_0;Средняя Ахтуба
3159_3468_3497_0;Сталинград
3159_3468_3498_0;Старая Полтавка
3159_3468_3499_0;Суровикино
3159_3468_3501_0;Фролово
3159_3468_3502_0;Чернышковский
3159_3503_3509_0;Вологда
3159_3503_3526_0;Череповец
3159_3503_3506_0;Великий Устюг
3159_3503_3519_0;Сокол
3159_3503_3504_0;Бабаево
3159_3503_3505_0;Белозерск
3159_3503_3507_0;Верховажье
3159_3503_3508_0;Вожега
3159_3503_3510_0;Вохтога
3159_3503_3511_0;Вытегра
3159_3503_3512_0;Грязовец
3159_3503_3513_0;Кадников
3159_3503_3514_0;Кадуй
3159_3503_58415402_0;Кириллов
3159_3503_3515_0;Кичменгский Городок
3159_3503_3516_0;Липин Бор
3159_3503_3517_0;Никольск
3159_3503_3518_0;Нюксеница
3159_3503_3520_0;Сямжа
3159_3503_3521_0;Тарногский Городок
3159_3503_3522_0;Тотьма
3159_3503_3523_0;Устюжна
3159_3503_3524_0;Харовск
3159_3503_3525_0;Чагода
3159_3503_3527_0;Шексна
3159_3503_3528_0;Шуйское
3159_3529_3538_0;Воронеж
3159_3529_3557_0;Россошь
3159_3529_3533_0;Борисоглебск
3159_3529_3539_0;Лиски (Воронежская обл.)
3159_3529_3530_0;Анна
3159_3529_3531_0;Бобров
3159_3529_3532_0;Богучар
3159_3529_3534_0;Бутурлиновка
3159_3529_3535_0;Верхний Мамон
3159_3529_3536_0;Верхняя Хава
3159_3529_3537_0;Воробьевка
3159_3529_3540_0;Грибановский
3159_3529_3541_0;Давыдовка
3159_3529_3542_0;Елань-Коленовский
3159_3529_3543_0;Калач
3159_3529_3544_0;Кантемировка
3159_3529_3545_0;Нижнедевицк
3159_3529_3546_0;Новая Усмань
3159_3529_2052982_0;Нововоронеж
3159_3529_3547_0;Новохоперск
3159_3529_3548_0;Ольховатка
3159_3529_3549_0;Острогожск
3159_3529_3550_0;Павловск (Воронежская обл.)
3159_3529_3551_0;Панино
3159_3529_3552_0;Петропавловка
3159_3529_3553_0;Поворино
3159_3529_3554_0;Подгоренский
3159_3529_3555_0;Рамонь
3159_3529_3556_0;Репьевка
3159_3529_3558_0;Семилуки
3159_3529_3559_0;Таловая
3159_3529_3560_0;Терновка
3159_3529_3561_0;Хохольский
3159_3529_3562_0;Эртиль
3159_3630_3658_0;Махачкала
3159_3630_3643_0;Дербент
3159_3630_3668_0;Хасавюрт
3159_3630_3649_0;Каспийск
3159_3630_3652_0;Кизляр
3159_3630_3631_0;Агвали
3159_3630_3632_0;Акуша
3159_3630_3633_0;Ахты
3159_3630_3634_0;Ачису
3159_3630_3635_0;Бабаюрт
3159_3630_3636_0;Бежта
3159_3630_3637_0;Ботлих
3159_3630_3638_0;Буйнакск
3159_3630_3639_0;Вачи
3159_3630_3640_0;Гергебиль
3159_3630_3641_0;Гуниб
3159_3630_3642_0;Дагестанские Огни
3159_3630_3644_0;Дылым
3159_3630_3645_0;Ершовка
3159_3630_3646_0;Избербаш
3159_3630_3647_0;Карабудахкент
3159_3630_3648_0;Карата
3159_3630_3650_0;Касумкент
3159_3630_3651_0;Кизилюрт
3159_3630_3653_0;Кочубей
3159_3630_3654_0;Кумух
3159_3630_3655_0;Курах
3159_3630_3656_0;Магарамкент
3159_3630_3657_0;Маджалис
3159_3630_3659_0;Мехельта
3159_3630_3660_0;Новолакское
3159_3630_3661_0;Рутул
3159_3630_3662_0;Советское (Дагестан)
3159_3630_3663_0;Тарумовка
3159_3630_3664_0;Терекли-Мектеб
3159_3630_3665_0;Тлярата
3159_3630_3666_0;Тпиг
3159_3630_58410200_0;Унцукуль
3159_3630_3667_0;Уркарах
3159_3630_3669_0;Хив
3159_3630_3670_0;Хунзах
3159_3630_3671_0;Цуриб
3159_3630_3672_0;Южно-Сухокумск
3159_3673_3674_0;Биробиджан
3159_3675_3684_0;Иваново
3159_3675_3688_0;Кинешма
3159_3675_3700_0;Шуя
3159_3675_3698_0;Тейково
3159_3675_3678_0;Вичуга
3159_3675_3676_0;Архиповка
3159_3675_3677_0;Верхний Ландех
3159_3675_3679_0;Гаврилов Посад
3159_3675_3680_0;Долматовский
3159_3675_3681_0;Дуляпино
3159_3675_3682_0;Заволжск
3159_3675_3683_0;Заречный (Ивановская обл.)
3159_3675_3685_0;Иваньковский
3159_3675_3686_0;Ильинское-Хованское
3159_3675_3687_0;Каминский
3159_3675_3689_0;Комсомольск
3159_3675_5908265_0;Кохма
3159_3675_3690_0;Лух
3159_3675_598420085_0;Наволоки
3159_3675_3691_0;Палех
3159_3675_3692_0;Пестяки
3159_3675_608692560_0;Плёс
3159_3675_3693_0;Приволжск
3159_3675_3694_0;Пучеж
3159_3675_3695_0;Родники (Ивановская обл.)
3159_3675_3696_0;Савино
3159_3675_3699_0;Фурманов
3159_3675_3701_0;Южа
3159_3675_3702_0;Юрьевец
3159_3703_3731_0;Иркутск
3159_3703_3719_0;Братск
3159_3703_3707_0;Ангарск
3159_3703_3745_0;Усть-Илимск
3159_3703_3744_0;Усолье-Сибирское (Иркутская обл.)
3159_3703_3704_0;Алексеевск
3159_3703_3705_0;Алзамай
3159_3703_3706_0;Алыгжер
3159_3703_3708_0;Артемовский (Иркутская обл.)
3159_3703_3709_0;Атагай
3159_3703_3710_0;Байкал
3159_3703_3711_0;Байкальск
3159_3703_3712_0;Балаганск
3159_3703_3713_0;Баяндай
3159_3703_3714_0;Бирюсинск
3159_3703_3715_0;Бодайбо
3159_3703_3716_0;Большая Речка
3159_3703_3717_0;Большой Луг
3159_3703_3718_0;Бохан
3159_3703_3720_0;Видим
3159_3703_3721_0;Витимский
3159_3703_3722_0;Вихоревка
3159_3703_3723_0;Еланцы
3159_3703_3724_0;Ербогачен
3159_3703_3725_0;Железногорск-Илимский
3159_3703_3726_0;Жигалово
3159_3703_3727_0;Забитуй
3159_3703_3728_0;Залари
3159_3703_3729_0;Звездный
3159_3703_3730_0;Зима
3159_3703_3732_0;Казачинское (Иркутская обл.)
3159_3703_3733_0;Качуг
3159_3703_3734_0;Квиток
3159_3703_3735_0;Киренск
3159_3703_3736_0;Куйтун
3159_3703_3411741_0;Култук
3159_3703_3737_0;Кутулик
3159_3703_3738_0;Мама
3159_3703_3739_0;Нижнеудинск
3159_3703_3740_0;Оса
3159_3703_2116660_0;Саянск
3159_3703_3741_0;Слюдянка
3159_3703_3742_0;Тайшет
3159_3703_3743_0;Тулун
3159_3703_3746_0;Усть-Кут
3159_3703_3747_0;Усть-Ордынский
3159_3703_3748_0;Усть-Уда
3159_3703_3749_0;Черемхово
3159_3703_3138835_0;Чунский
3159_3703_3750_0;Шелехов
3159_3751_3754_0;Нальчик
3159_3751_3756_0;Прохладный
3159_3751_3752_0;Баксан
3159_3751_3753_0;Майский
3159_3751_3755_0;Нарткала
3159_3751_3757_0;Советское (Кабардино-Балкария)
3159_3751_3758_0;Терек
3159_3751_3759_0;Тырныауз
3159_3751_3760_0;Чегем-Первый
3159_3761_3770_0;Калининград (Кенигсберг)
3159_3761_3782_0;Советск (Калининградская обл.)
3159_3761_3783_0;Черняховск
3159_3761_3763_0;Балтийск
3159_3761_3766_0;Гусев
3159_3761_3762_0;Багратионовск
3159_3761_3764_0;Гвардейск
3159_3761_3765_0;Гурьевск (Калининградская обл.)
3159_3761_3767_0;Железнодорожный (Калининград.)
3159_3761_3768_0;Зеленоградск
3159_3761_3769_0;Знаменск
3159_3761_3772_0;Краснознаменск (Калининград.)
3159_3761_89885935_0;Ладушкин
3159_3761_3773_0;Мамоново
3159_3761_3774_0;Неман
3159_3761_3775_0;Нестеров
3159_3761_3776_0;Озерск(Калининградская обл.)
3159_3761_89854469_0;Пионерск
3159_3761_3777_0;Полесск
3159_3761_3778_0;Правдинск
3159_3761_3779_0;Светлогорск
3159_3761_3780_0;Светлый (Калининградская обл.)
3159_3761_3781_0;Славск
3159_3827_3837_0;Элиста
3159_3827_89735676_0;Городовиковск
3159_3827_3829_0;Каспийский
3159_3827_3834_0;Троицкое (Калмыкия)
3159_3827_608692595_0;Садовое
3159_3827_3828_0;Аршань
3159_3827_3830_0;Комсомольский (Калмыкия)
3159_3827_3831_0;Малые Дербеты
3159_3827_3832_0;Приютное
3159_3827_3833_0;Советское (Калмыкия)
3159_3827_3835_0;Утта
3159_3827_3836_0;Цаган-Аман
3159_3827_3838_0;Юста
3159_3827_3839_0;Яшалта
3159_3827_3840_0;Яшкуль
3159_3841_3854_0;Калуга
3159_3841_3863_0;Обнинск
3159_3841_3859_0;Малоярославец
3159_3841_3843_0;Балабаново
3159_3841_3858_0;Людиново
3159_3841_3842_0;Бабынино
3159_3841_3844_0;Барятино
3159_3841_3845_0;Белоусово
3159_3841_3846_0;Бетлица
3159_3841_3847_0;Боровск
3159_3841_3848_0;Дугна
3159_3841_3849_0;Дудоровский
3159_3841_3850_0;Думиничи
3159_3841_3851_0;Еленский
3159_3841_3852_0;Жиздра
3159_3841_58418428_0;Жуков
3159_3841_3853_0;Износки
3159_3841_3855_0;Киров (Калужская обл.)
3159_3841_3856_0;Козельск
3159_3841_3857_0;Кондрово
3159_3841_58416320_0;Кремёнки
3159_3841_3860_0;Медынь
3159_3841_3861_0;Мещовск
3159_3841_3862_0;Мосальск
3159_3841_3864_0;Перемышль
3159_3841_3865_0;Спас-Деменск
3159_3841_3866_0;Сухиничи
3159_3841_3867_0;Таруса
3159_3841_3868_0;Ульяново
3159_3841_3869_0;Ферзиково
3159_3841_3870_0;Хвастовичи
3159_3841_3871_0;Юхнов
3159_3872_3887_0;Петропавловск-Камчатский
3159_3872_3411630_0;Елизово (Камчатская обл.)
3159_3872_12370942_0;Вилючинск
3159_3872_3881_0;Мильково
3159_3872_3891_0;Усть-Камчатск
3159_3872_3873_0;Атласово
3159_3872_3874_0;Аянка
3159_3872_3875_0;Большерецк
3159_3872_3876_0;Ильпырский
3159_3872_3877_0;Каменское
3159_3872_3878_0;Кировский
3159_3872_3879_0;Ключи (Камчатская обл.)
3159_3872_3880_0;Крапивная
3159_3872_3882_0;Никольское
3159_3872_10499672_0;Озерновский
3159_3872_3883_0;Оссора
3159_3872_3884_0;Палана
3159_3872_3885_0;Парень
3159_3872_3886_0;Пахачи
3159_3872_3888_0;Тигиль
3159_3872_3889_0;Тиличики
3159_3872_3890_0;Усть-Большерецк
3159_3892_3912_0;Петрозаводск
3159_3892_3906_0;Костомукша
3159_3892_3917_0;Сегежа
3159_3892_3905_0;Кондопога
3159_3892_3918_0;Сортавала
3159_3892_3893_0;Амбарный
3159_3892_3894_0;Беломорск
3159_3892_3895_0;Валаам
3159_3892_3896_0;Вирандозеро
3159_3892_3897_0;Гирвас
3159_3892_3898_0;Деревянка
3159_3892_3899_0;Идель
3159_3892_3900_0;Ильинский (Карелия)
3159_3892_3901_0;Импалахти
3159_3892_3902_0;Калевала
3159_3892_3903_0;Кемь
3159_3892_3904_0;Кестеньга
3159_3892_3907_0;Лахденпохья
3159_3892_3908_0;Лоухи
3159_3892_3909_0;Медвежьегорск
3159_3892_3910_0;Муезерский
3159_3892_3911_0;Олонец
3159_3892_3913_0;Питкяранта
3159_3892_3914_0;Повенец
3159_3892_3915_0;Пряжа
3159_3892_3916_0;Пудож
3159_3892_3919_0;Софпорог
3159_3892_3920_0;Суоярви
3159_3892_58850351_0;Хийденсельга
3159_3921_3933_0;Кемерово
3159_3921_3940_0;Новокузнецк
3159_3921_3942_0;Прокопьевск
3159_3921_3924_0;Белово
3159_3921_3938_0;Междуреченск
3159_3921_3922_0;Анжеро-Судженск
3159_3921_3923_0;Барзас
3159_3921_3925_0;Белогорск
3159_3921_3926_0;Березовский (Кемеровская обл.)
3159_3921_3927_0;Грамотеино
3159_3921_3928_0;Гурьевск
3159_3921_3929_0;Ижморский
3159_3921_3930_0;Итатский
3159_3921_3931_0;Калтан
3159_3921_3932_0;Кедровка
3159_3921_3934_0;Киселевск
3159_3921_3935_0;Крапивинский
3159_3921_3936_0;Ленинск-Кузнецкий
3159_3921_3937_0;Мариинск
3159_3921_3939_0;Мыски
3159_3921_3941_0;Осинники
3159_3921_90049613_0;Полысаево
3159_3921_3943_0;Промышленная
3159_3921_3944_0;Тайга
3159_3921_3945_0;Таштагол
3159_3921_3946_0;Тисуль
3159_3921_3947_0;Топки
3159_3921_3948_0;Тяжинский
3159_3921_3949_0;Юрга
3159_3921_3950_0;Яшкино
3159_3921_3951_0;Яя
3159_3952_3963_0;Киров (Кировская обл.)
3159_3952_3964_0;Кирово-Чепецк
3159_3952_5556050_0;Вятские Поляны (Кировская обл.)
3159_3952_3984_0;Слободской
3159_3952_3967_0;Котельнич
3159_3952_3953_0;Арбаж
3159_3952_3954_0;Аркуль
3159_3952_3955_0;Белая Холуница
3159_3952_3956_0;Богородское (Кировская обл.)
3159_3952_3957_0;Боровой
3159_3952_3958_0;Верхошижемье
3159_3952_3959_0;Зуевка
3159_3952_3960_0;Каринторф
3159_3952_3961_0;Кикнур
3159_3952_3962_0;Кильмезь
3159_3952_3965_0;Кирс
3159_3952_3966_0;Кобра
3159_3952_3968_0;Кумены
3159_3952_3969_0;Ленинское
3159_3952_3970_0;Луза
3159_3952_3971_0;Малмыж
3159_3952_3972_0;Мураши
3159_3952_3973_0;Нагорск
3159_3952_3974_0;Нема
3159_3952_3975_0;Нововятск
3159_3952_3976_0;Нолинск
3159_3952_3977_0;Омутнинск
3159_3952_3978_0;Опарино
3159_3952_3979_0;Оричи
3159_3952_3980_0;Пижанка
3159_3952_3981_0;Подосиновец
3159_3952_3982_0;Санчурск
3159_3952_3983_0;Свеча
3159_3952_3985_0;Советск (Кировская обл.)
3159_3952_3986_0;Суна
3159_3952_3987_0;Тужа
3159_3952_3988_0;Уни
3159_3952_3989_0;Уржум
3159_3952_3990_0;Фаленки
3159_3952_3991_0;Халтурин
3159_3952_3992_0;Юрья
3159_3952_3993_0;Яранск
3159_3994_4019_0;Сыктывкар
3159_3994_4025_0;Ухта
3159_3994_4001_0;Воркута
3159_3994_4021_0;Усинск
3159_3994_4017_0;Печора
3159_3994_3995_0;Абезь
3159_3994_279077_0;Адзьвавом
3159_3994_3996_0;Айкино
3159_3994_3997_0;Верхняя Инта
3159_3994_3998_0;Визинга
3159_3994_3999_0;Водный
3159_3994_4000_0;Вожаель
3159_3994_4002_0;Вуктыл
3159_3994_4004_0;Елецкий
3159_3994_4005_0;Емва
3159_3994_4003_0;Жешарт
3159_3994_4006_0;Заполярный
3159_3994_4007_0;Ижма
3159_3994_4008_0;Инта
3159_3994_4009_0;Ираель
3159_3994_4010_0;Каджером
3159_3994_4011_0;Кажым
3159_3994_4012_0;Кожым
3159_3994_4013_0;Койгородок
3159_3994_4014_0;Корткерос
3159_3994_4015_0;Кослан
3159_3994_105951809_0;Микунь
3159_3994_21258410_0;Нижний Одес
3159_3994_4016_0;Объячево
3159_3994_4018_0;Сосногорск
3159_3994_4020_0;Троицко-Печерск
3159_3994_4022_0;Усогорск
3159_3994_4023_0;Усть-Кулом
3159_3994_4024_0;Усть-Цильма
3159_4026_4036_0;Кострома
3159_4026_4027_0;Антропово
3159_4026_4050_0;Шарья
3159_4026_4029_0;Буй
3159_4026_4040_0;Нерехта
3159_4026_4028_0;Боговарово
3159_4026_4030_0;Волгореченск
3159_4026_4031_0;Галич
3159_4026_4032_0;Горчуха
3159_4026_4033_0;Зебляки
3159_4026_4034_0;Кадый
3159_4026_4035_0;Кологрив
3159_4026_4037_0;Красное-на-Волге
3159_4026_4038_0;Макарьев
3159_4026_4039_0;Мантурово
3159_4026_4041_0;Нея
3159_4026_4042_0;Островское
3159_4026_4043_0;Павино
3159_4026_4044_0;Парфентьево
3159_4026_4045_0;Поназырево
3159_4026_4046_0;Солигалич
3159_4026_4047_0;Судиславль
3159_4026_4048_0;Сусанино
3159_4026_4049_0;Чухлома
3159_4026_4051_0;Шемятино
3159_4105_4149_0;Красноярск
3159_4105_4157_0;Норильск
3159_4105_4112_0;Ачинск
3159_4105_10502714_0;Железногорск
3159_4105_4142_0;Канск
3159_4105_4106_0;Абаза
3159_4105_4108_0;Абакан
3159_4105_4109_0;Агинское
3159_4105_4110_0;Артемовск
3159_4105_4111_0;Аскиз
3159_4105_4113_0;Байкит
3159_4105_4114_0;Балахта
3159_4105_4115_0;Балыкса
3159_4105_4116_0;Белый Яр
3159_4105_4117_0;Бельтырский
3159_4105_4118_0;Бея
3159_4105_4119_0;Бискамжа
3159_4105_4120_0;Боготол
3159_4105_4121_0;Боград
3159_4105_4122_0;Богучаны
3159_4105_4123_0;Большая Мурта
3159_4105_4124_0;Большой Улуй
3159_4105_4125_0;Бородино (Красноярский край)
3159_4105_4126_0;Ванавара
3159_4105_4127_0;Верхнеимбатск
3159_4105_4128_0;Горячегорск
3159_4105_4129_0;Дзержинское
3159_4105_4130_0;Дивногорск
3159_4105_4131_0;Диксон
3159_4105_4132_0;Дудинка
3159_4105_4133_0;Емельяново
3159_4105_4134_0;Енисейск
3159_4105_4135_0;Ермаковское
3159_4105_4136_0;Заозерный
3159_4105_3409478_0;Зеленогорск (Красноярский край)
3159_4105_4137_0;Игарка
3159_4105_4138_0;Идринское
3159_4105_4139_0;Иланский
3159_4105_4140_0;Ирбейское
3159_4105_4141_0;Казачинское  (Красноярский край)
3159_4105_4143_0;Каратузское
3159_4105_4144_0;Караул
3159_4105_4145_0;Кежма
3159_4105_6456567_0;Кодинск
3159_4105_4146_0;Козулька
3159_4105_4147_0;Копьево
3159_4105_4148_0;Краснотуранск
3159_4105_4150_0;Курагино
3159_4105_4151_0;Лесосибирск
3159_4105_4152_0;Минусинск
3159_4105_4153_0;Мотыгино
3159_4105_4154_0;Назарово
3159_4105_4155_0;Нижний Ингаш
3159_4105_4156_0;Новоселово
3159_4105_4158_0;Партизанское
3159_4105_4159_0;Пировское
3159_4105_4161_0;Северо-Енисейский
3159_4105_5020614_0;Сосновоборск (Красноярский край)
3159_4105_4162_0;Тасеево
3159_4105_4163_0;Таштып
3159_4105_4164_0;Тура
3159_4105_4165_0;Туруханск
3159_4105_4166_0;Тюхтет
3159_4105_4167_0;Ужур
3159_4105_4168_0;Усть-Авам
3159_4105_4169_0;Уяр
3159_4105_4170_0;Хатанга
3159_4105_4171_0;Черемушки
3159_4105_4172_0;Черногорск
3159_4105_4173_0;Шалинское
3159_4105_2479040_0;Шарыпово  (Красноярский край)
3159_4105_4174_0;Шира
3159_4105_4175_0;Шушенское
3159_4176_4183_0;Курган
3159_4176_4193_0;Шадринск
3159_4176_4195_0;Шумиха
3159_4176_4179_0;Далматово
3159_4176_4184_0;Куртамыш
3159_4176_4177_0;Варгаши
3159_4176_4178_0;Глядянское
3159_4176_4180_0;Каргаполье
3159_4176_4181_0;Катайск
3159_4176_4182_0;Кетово
3159_4176_4185_0;Лебяжье
3159_4176_4186_0;Макушино
3159_4176_4187_0;Мишкино
3159_4176_4188_0;Мокроусово
3159_4176_4189_0;Петухово
3159_4176_4190_0;Половинное
3159_4176_4191_0;Сафакулево
3159_4176_4192_0;Целинное
3159_4176_4194_0;Шатрово
3159_4176_4196_0;Щучье
3159_4176_4197_0;Юргамыш
3159_4198_4210_0;Курск
3159_4198_4205_0;Железногорск
3159_4198_4211_0;Курчатов
3159_4198_4220_0;Рыльск
3159_4198_4213_0;Льгов
3159_4198_4199_0;Альменево
3159_4198_4200_0;Белая
3159_4198_4201_0;Большое Солдатское
3159_4198_4202_0;Глушково
3159_4198_4203_0;Горшечное
3159_4198_4204_0;Дмитриев-Льговский
3159_4198_4206_0;Золотухино
3159_4198_4207_0;Касторное
3159_4198_4208_0;Конышевка
3159_4198_4209_0;Коренево
3159_4198_4212_0;Кшенский
3159_4198_4214_0;Мантурово
3159_4198_4215_0;Медвенка
3159_4198_4216_0;Обоянь
3159_4198_4217_0;Поныри
3159_4198_4218_0;Пристень
3159_4198_4219_0;Прямицыно
3159_4198_4221_0;Суджа
3159_4198_4222_0;Тим
3159_4198_4223_0;Фатеж
3159_4198_4224_0;Хомутовка
3159_4198_4225_0;Черемисиново
3159_4198_4226_0;Щигры
3159_4227_4238_0;Липецк
3159_4227_4232_0;Елец
3159_4227_4228_0;Грязи
3159_4227_4236_0;Лебедянь
3159_4227_4240_0;Усмань
3159_4227_4229_0;Данков
3159_4227_4230_0;Доброе
3159_4227_4231_0;Долгоруково
3159_4227_4233_0;Задонск
3159_4227_4234_0;Измалково
3159_4227_4235_0;Казинка
3159_4227_4237_0;Лев Толстой
3159_4227_4239_0;Тербуны
3159_4227_4241_0;Хлевное
3159_4227_4242_0;Чаплыгин
3159_4243_4254_0;Магадан
3159_4243_4264_0;Сусуман
3159_4243_4259_0;Палатка
3159_4243_4269_0;Ягодное
3159_4243_4258_0;Омсукчан
3159_4243_4245_0;Атка
3159_4243_4246_0;Балыгычан
3159_4243_4247_0;Беринговский
3159_4243_4249_0;Большевик
3159_4243_4250_0;Ванкарем
3159_4243_4251_0;Иульитин
3159_4243_4252_0;Кадыкчан
3159_4243_4253_0;Лаврентия
3159_4243_4255_0;Мыс Шмидта
3159_4243_4256_0;Ола
3159_4243_4257_0;Омонск
3159_4243_4261_0;Провидения
3159_4243_4262_0;Сеймчан
3159_4243_4263_0;Синегорье
3159_4243_4265_0;Усть-Белая
3159_4243_4266_0;Усть-Омчуг
3159_4243_4267_0;Эвенск
3159_4243_4268_0;Эгвекинот
3159_4270_4274_0;Йошкар-Ола
3159_4270_4271_0;Волжск
3159_4270_4276_0;Козьмодемьянск
3159_4270_4273_0;Звенигово
3159_4270_4285_0;Советский (Марий Эл)
3159_4270_4272_0;Дубовский
3159_4270_4275_0;Килемары
3159_4270_4277_0;Куженер
3159_4270_4278_0;Мари-Турек
3159_4270_4279_0;Медведево
3159_4270_4280_0;Морки
3159_4270_4281_0;Новый Торьял
3159_4270_4282_0;Оршанка
3159_4270_4283_0;Параньга
3159_4270_4284_0;Сернур
3159_4270_4286_0;Юрино
3159_4287_4306_0;Саранск
3159_4287_4305_0;Рузаевка
3159_4287_4291_0;Большие Березники
3159_4287_4288_0;Ардатов
3159_4287_4299_0;Ковылкино
3159_4287_4289_0;Атюрьево
3159_4287_4290_0;Атяшево
3159_4287_4292_0;Большое Игнатово
3159_4287_4293_0;Выша
3159_4287_4294_0;Ельники
3159_4287_4295_0;Зубова Поляна
3159_4287_4296_0;Инсар
3159_4287_4297_0;Кадошкино
3159_4287_4298_0;Кемля
3159_4287_4300_0;Комсомольский (Мордовия)
3159_4287_4301_0;Кочкурово
3159_4287_4302_0;Краснослободск
3159_4287_4303_0;Лямбирь
3159_4287_4304_0;Ромоданово
3159_4287_4307_0;Старое Шайгово
3159_4287_4308_0;Темников
3159_4287_4309_0;Теньгушево
3159_4287_4310_0;Торбеево
3159_4287_4311_0;Чамзинка
3159_4481_4496_0;Мурманск
3159_4481_4482_0;Апатиты
3159_4481_4501_0;Североморск
3159_4481_4489_0;Кандалакша
3159_4481_4495_0;Мончегорск
3159_4481_4483_0;Африканда
3159_4481_4484_0;Верхнетуломский
3159_4481_58417063_0;Видяево
3159_4481_58409477_0;Гаджиево
3159_4481_2413243_0;Заозерск
3159_4481_4485_0;Заполярный
3159_4481_4486_0;Зареченск
3159_4481_4487_0;Зашеек
3159_4481_4488_0;Зеленоборский
3159_4481_4490_0;Кильдинстрой
3159_4481_4491_0;Кировск
3159_4481_4492_0;Ковдор
3159_4481_4493_0;Кола
3159_4481_4494_0;Конда
3159_4481_20706764_0;Ловозеро
3159_4481_4497_0;Мурмаши
3159_4481_4498_0;Никель
3159_4481_4499_0;Оленегорск
3159_4481_5020595_0;Полярные Зори
3159_4481_4500_0;Полярный
3159_4481_20706637_0;Ревда (Мурманская обл.)
3159_4481_4778470_0;Снежногорск
3159_4481_4502_0;Умба
3159_3563_3612_0;Нижний Новгород
3159_3563_3598_0;Дзержинск
3159_3563_3565_0;Арзамас
3159_3563_2185271_0;Саров (Нижегородская обл.)
3159_3563_3613_0;Павлово
3159_3563_3564_0;Ардатов
3159_3563_3566_0;Арья
3159_3563_3567_0;Балахна
3159_3563_3568_0;Богородск
3159_3563_3569_0;Большереченск
3159_3563_3570_0;Большое Болдино
3159_3563_3571_0;Большое Козино
3159_3563_3572_0;Большое Мурашкино
3159_3563_3573_0;Большое Пикино
3159_3563_3574_0;Бор
3159_3563_3575_0;Бутурлино
3159_3563_3576_0;Вад
3159_3563_3577_0;Варнавино
3159_3563_3578_0;Васильсурск
3159_3563_3579_0;Вахтан
3159_3563_3580_0;Вача
3159_3563_3581_0;Велетьма
3159_3563_3582_0;Ветлуга
3159_3563_3583_0;Виля
3159_3563_3584_0;Вознесенское
3159_3563_3585_0;Володарск
3159_3563_3586_0;Воротынец
3159_3563_3587_0;Ворсма
3159_3563_3588_0;Воскресенское
3159_3563_3589_0;Выездное
3159_3563_3590_0;Выкса
3159_3563_3591_0;Гагино
3159_3563_3592_0;Гидроторф
3159_3563_3593_0;Горбатов
3159_3563_3594_0;Горбатовка
3159_3563_3595_0;Городец
3159_3563_3597_0;Дальнее Константиново
3159_3563_3599_0;Дивеево
3159_3563_3600_0;Досчатое
3159_3563_3601_0;Заволжье
3159_3563_3602_0;Катунки
3159_3563_3603_0;Керженец
3159_3563_3604_0;Княгинино
3159_3563_3605_0;Ковернино
3159_3563_3606_0;Красные Баки
3159_3563_3607_0;Кстово
3159_3563_3608_0;Кулебаки
3159_3563_3609_0;Лукоянов
3159_3563_3610_0;Лысково
3159_3563_3611_0;Навашино
3159_3563_58418247_0;Новосмолинский
3159_3563_3614_0;Первомайск
3159_3563_3615_0;Перевоз
3159_3563_3616_0;Пильна
3159_3563_3617_0;Починки
3159_3563_20284341_0;Семенов
3159_3563_3618_0;Сергач
3159_3563_3619_0;Сеченово
3159_3563_3697_0;Сокольское
3159_3563_3620_0;Сосновское
3159_3563_3621_0;Спасское
3159_3563_3622_0;Тонкино
3159_3563_3623_0;Тоншаево
3159_3563_3624_0;Уразовка
3159_3563_3625_0;Урень
3159_3563_3626_0;Чкаловск
3159_3563_3627_0;Шаранга
3159_3563_3628_0;Шатки
3159_3563_3629_0;Шахунья
3159_4503_4517_0;Великий Новгород (Новгород)
3159_4503_4507_0;Боровичи
3159_4503_4523_0;Старая Русса
3159_4503_4508_0;Валдай
3159_4503_4526_0;Чудово
3159_4503_4504_0;Анциферово
3159_4503_4505_0;Батецкий
3159_4503_4506_0;Большая Вишера
3159_4503_4509_0;Волот
3159_4503_4510_0;Деманск
3159_4503_4511_0;Зарубино
3159_4503_4512_0;Крестцы
3159_4503_4513_0;Любытино
3159_4503_4514_0;Малая Вишера
3159_4503_4515_0;Марево
3159_4503_4516_0;Мошенское
3159_4503_4518_0;Окуловка
3159_4503_4519_0;Парфино
3159_4503_4520_0;Пестово
3159_4503_4521_0;Поддорье
3159_4503_4522_0;Сольцы
3159_4503_4524_0;Хвойная
3159_4503_4525_0;Холм
3159_4503_4527_0;Шимск
3159_4528_4549_0;Новосибирск
3159_4528_4531_0;Бердск
3159_4528_4537_0;Искитим
3159_4528_4529_0;Баган
3159_4528_4543_0;Куйбышев (Новосибирская обл.)
3159_4528_4530_0;Барабинск
3159_4528_4532_0;Биаза
3159_4528_4533_0;Болотное
3159_4528_4534_0;Венгерово
3159_4528_4535_0;Довольное
3159_4528_4536_0;Завьялово
3159_4528_4538_0;Карасук
3159_4528_4539_0;Каргат
3159_4528_4540_0;Колывань
3159_4528_4541_0;Краснозерское
3159_4528_4542_0;Крутиха
3159_4528_4544_0;Купино
3159_4528_4545_0;Кыштовка
3159_4528_4546_0;Маслянино
3159_4528_4547_0;Михайловский
3159_4528_4548_0;Мошково
3159_4528_90035310_0;Норильск
3159_4528_89905419_0;Обь
3159_4528_4550_0;Ордынское
3159_4528_4551_0;Северное
3159_4528_4552_0;Сузун
3159_4528_4553_0;Татарск
3159_4528_4554_0;Тогучин
3159_4528_4555_0;Убинское
3159_4528_4556_0;Усть-Тарка
3159_4528_4557_0;Чаны
3159_4528_4558_0;Черепаново
3159_4528_4559_0;Чистоозерное
3159_4528_4560_0;Чулым
3159_4561_4580_0;Омск
3159_4561_4587_0;Тара
3159_4561_4568_0;Калачинск
3159_4561_4567_0;Исилькуль
3159_4561_4575_0;Называевск
3159_4561_4562_0;Береговой
3159_4561_4563_0;Большеречье
3159_4561_4564_0;Большие Уки
3159_4561_4565_0;Горьковское
3159_4561_4566_0;Знаменское (Омская обл.)
3159_4561_4569_0;Колосовка
3159_4561_4570_0;Кормиловка
3159_4561_4571_0;Крутинка
3159_4561_4572_0;Любинский
3159_4561_4573_0;Марьяновка
3159_4561_4574_0;Муромцево
3159_4561_4576_0;Нижняя Омка
3159_4561_4577_0;Нововаршавка
3159_4561_4578_0;Одесское
3159_4561_4579_0;Оконешниково
3159_4561_4581_0;Павлоградка
3159_4561_4582_0;Полтавка
3159_4561_4583_0;Русская Поляна
3159_4561_4584_0;Саргатское
3159_4561_4585_0;Седельниково
3159_4561_4586_0;Таврическое
3159_4561_4588_0;Тевриз
3159_4561_4589_0;Тюкалинск
3159_4561_4590_0;Усть-Ишим
3159_4561_4591_0;Черлак
3159_4561_4592_0;Шербакуль
3159_4593_4617_0;Оренбург
3159_4593_4618_0;Орск
3159_4593_4602_0;Бузулук
3159_4593_4615_0;Новотроицк
3159_4593_4601_0;Бугуруслан
3159_4593_4594_0;Абдулино
3159_4593_4595_0;Адамовка
3159_4593_4596_0;Айдырлинский
3159_4593_4597_0;Акбулак
3159_4593_4598_0;Аккермановка
3159_4593_4599_0;Асекеево
3159_4593_4600_0;Беляевка
3159_4593_4603_0;Гай
3159_4593_4604_0;Грачевка
3159_4593_4605_0;Домбаровский
3159_4593_4606_0;Дубенский
3159_4593_4607_0;Илек
3159_4593_4608_0;Ириклинский
3159_4593_4609_0;Кувандык
3159_4593_4610_0;Курманаевка
3159_4593_4611_0;Матвеевка
3159_4593_4612_0;Медногорск
3159_4593_4613_0;Новоорск
3159_4593_4614_0;Новосергиевка
3159_4593_277850_0;Новоуральск
3159_4593_4616_0;Октябрьское (Оренбург.)
3159_4593_4619_0;Первомайский (Оренбург.)
3159_4593_4620_0;Переволоцкий
3159_4593_4621_0;Пономаревка
3159_4593_4622_0;Саракташ
3159_4593_4623_0;Светлый (Оренбургская обл.)
3159_4593_4624_0;Северное
3159_4593_4625_0;Соль-Илецк
3159_4593_4626_0;Сорочинск
3159_4593_4627_0;Ташла
3159_4593_4628_0;Тоцкое
3159_4593_4629_0;Тюльган
3159_4593_4630_0;Шарлык
3159_4593_4631_0;Энергетик
3159_4593_4632_0;Ясный
3159_4633_4650_0;Орел
3159_4633_4647_0;Мценск
3159_4633_4645_0;Ливны
3159_4633_4634_0;Болхов
3159_4633_4635_0;Верховье
3159_4633_4636_0;Глазуновка
3159_4633_4637_0;Дмитровск-Орловский
3159_4633_4638_0;Долгое
3159_4633_4639_0;Залегощь
3159_4633_4640_0;Змиевка
3159_4633_4641_0;Знаменское (Орловская обл.)
3159_4633_4642_0;Колпны
3159_4633_4643_0;Красная Заря
3159_4633_4644_0;Кромы
3159_4633_4646_0;Малоархангельск
3159_4633_4648_0;Нарышкино
3159_4633_4649_0;Новосиль
3159_4633_4651_0;Покровское
3159_4633_4652_0;Сосково
3159_4633_4653_0;Тросна
3159_4633_4654_0;Хомутово
3159_4633_4655_0;Хотынец
3159_4633_4656_0;Шаблыкино
3159_4657_4682_0;Пенза
3159_4657_4673_0;Кузнецк
3159_4657_20280898_0;Заречный (Пензенская обл.)
3159_4657_4670_0;Каменка
3159_4657_4684_0;Сердобск
3159_4657_4658_0;Башмаково
3159_4657_4659_0;Беднодемьяновск
3159_4657_4660_0;Беково
3159_4657_4661_0;Белинский
3159_4657_4662_0;Бессоновка
3159_4657_4663_0;Вадинск
3159_4657_4664_0;Верхозим
3159_4657_4665_0;Городище (Пензенская обл.)
3159_4657_4666_0;Евлашево
3159_4657_4667_0;Земетчино
3159_4657_4668_0;Золотаревка
3159_4657_4669_0;Исса
3159_4657_4671_0;Колышлей
3159_4657_4672_0;Кондоль
3159_4657_4674_0;Лопатино
3159_4657_4675_0;Малая Сердоба
3159_4657_4676_0;Мокшан
3159_4657_4677_0;Наровчат
3159_4657_4678_0;Неверкино
3159_4657_4679_0;Нижний Ломов
3159_4657_4680_0;Никольск (Пензенская обл.)
3159_4657_4681_0;Пачелма
3159_4657_4683_0;Русский Камешкир
3159_4657_4685_0;Сосновоборск
3159_4657_4686_0;Сура
3159_4657_4687_0;Тамала
3159_4657_4688_0;Шемышейка
3159_4689_4720_0;Пермь
3159_4689_4691_0;Березники
3159_4689_4721_0;Соликамск
3159_4689_4726_0;Чайковский
3159_4689_4711_0;Кунгур
3159_4689_278007_0;Александровск
3159_4689_4690_0;Барда
3159_4689_4692_0;Большая Соснова
3159_4689_4693_0;Верещагино
3159_4689_4694_0;Гайны
3159_4689_4695_0;Горнозаводск (Пермский край)
3159_4689_4696_0;Гремячинск
3159_4689_4697_0;Губаха
3159_4689_4698_0;Добрянка
3159_4689_4699_0;Елово
3159_4689_4700_0;Зюкайка
3159_4689_4701_0;Ильинский (Пермская обл.)
3159_4689_4702_0;Карагай
3159_4689_4703_0;Керчевский
3159_4689_4704_0;Кизел
3159_4689_4705_0;Коса
3159_4689_4706_0;Кочево
3159_4689_4707_0;Красновишерск
3159_4689_4708_0;Краснокамск
3159_4689_4709_0;Кудымкар
3159_4689_4710_0;Куеда
3159_4689_4712_0;Лысьва
3159_4689_4713_0;Ныроб
3159_4689_4714_0;Нытва
3159_4689_4715_0;Октябрьский
3159_4689_4716_0;Орда
3159_4689_4717_0;Оса
3159_4689_4718_0;Оханск
3159_4689_4719_0;Очер
3159_4689_4722_0;Суксун
3159_4689_4723_0;Уинское
3159_4689_4724_0;Усолье
3159_4689_4725_0;Усть-Кишерть
3159_4689_4727_0;Частые
3159_4689_4728_0;Чердынь
3159_4689_4729_0;Чернореченский
3159_4689_4730_0;Чернушка
3159_4689_4731_0;Чусовой
3159_4689_4732_0;Юрла
3159_4689_4733_0;Юсьва
3159_4734_4741_0;Владивосток
3159_4734_4767_0;Уссурийск
3159_4734_4756_0;Находка (Приморский край)
3159_4734_4737_0;Артем
3159_4734_4736_0;Арсеньев
3159_4734_4735_0;Анучино
3159_4734_4738_0;Артемовский (Приморский край)
3159_4734_4739_0;Большой Камень
3159_4734_4740_0;Валентин
3159_4734_4742_0;Высокогорск
3159_4734_4743_0;Горные Ключи
3159_4734_4744_0;Горный
3159_4734_4745_0;Дальнегорск
3159_4734_4746_0;Дальнереченск
3159_4734_4747_0;Зарубино
3159_4734_4748_0;Кавалерово
3159_4734_4749_0;Каменка (Приморский край)
3159_4734_4750_0;Камень-Рыболов
3159_4734_4751_0;Кировский
3159_4734_4752_0;Лазо
3159_4734_4753_0;Лесозаводск
3159_4734_4754_0;Лучегорск
3159_4734_4755_0;Михайловка (Приморский край)
3159_4734_4757_0;Новопокровка
3159_4734_4758_0;Ольга
3159_4734_4759_0;Партизанск
3159_4734_58421259_0;Пластун
3159_4734_4760_0;Пограничный
3159_4734_4761_0;Покровка
3159_4734_90048244_0;Посьет
3159_4734_4762_0;Русский
3159_4734_4763_0;Самарга
3159_4734_4764_0;Славянка
3159_4734_4765_0;Спасск-Дальний
3159_4734_4766_0;Терней
3159_4734_10689767_0;Фокино
3159_4734_4768_0;Хасан
3159_4734_4769_0;Хороль
3159_4734_4770_0;Черниговка
3159_4734_4771_0;Чугуевка
3159_4734_4772_0;Яковлевка
3159_4734_20280785_0;Ярославский
3159_4773_4793_0;Псков
3159_4773_4775_0;Великие Луки
3159_4773_4788_0;Остров
3159_4773_4790_0;Печоры
3159_4773_4797_0;Себеж
3159_4773_4774_0;Бежаницы
3159_4773_4776_0;Гдов
3159_4773_4777_0;Дедовичи
3159_4773_4778_0;Дно
3159_4773_4779_0;Заплюсье
3159_4773_4780_0;Идрица
3159_4773_4781_0;Красногородское
3159_4773_4782_0;Кунья
3159_4773_4783_0;Локня
3159_4773_4784_0;Невель
3159_4773_4785_0;Новоржев
3159_4773_4786_0;Новосокольники
3159_4773_4787_0;Опочка
3159_4773_4789_0;Палкино
3159_4773_4791_0;Плюсса
3159_4773_4792_0;Порхов
3159_4773_4794_0;Пустошка
3159_4773_4795_0;Пушкинские Горы
3159_4773_4796_0;Пыталово
3159_4773_4798_0;Струги-Красные
3159_4773_4799_0;Усвяты
3159_4800_4848_0;Ростов-на-Дону
3159_4800_4851_0;Таганрог
3159_4800_4811_0;Волгодонск
3159_4800_4859_0;Шахты
3159_4800_4839_0;Новочеркасск
3159_4800_4801_0;Азов
3159_4800_4802_0;Аксай (Ростовская обл.)
3159_4800_4803_0;Алмазный
3159_4800_4804_0;Аютинск
3159_4800_4805_0;Багаевский
3159_4800_4806_0;Батайск
3159_4800_4807_0;Белая Калитва
3159_4800_4808_0;Боковская
3159_4800_4809_0;Большая Мартыновка
3159_4800_4810_0;Вешенская
3159_4800_4812_0;Восход
3159_4800_4813_0;Гигант
3159_4800_4814_0;Горняцкий
3159_4800_4815_0;Гуково
3159_4800_4816_0;Донецк
3159_4800_4817_0;Донской (Ростовская обл.)
3159_4800_4818_0;Дубовское
3159_4800_7592215_0;Егорлыкская
3159_4800_4819_0;Жирнов
3159_4800_4820_0;Заветное
3159_4800_4821_0;Заводской
3159_4800_4822_0;Зверево
3159_4800_4823_0;Зерноград
3159_4800_4824_0;Зимовники
3159_4800_4825_0;Кагальницкая
3159_4800_4826_0;Казанская
3159_4800_4827_0;Каменоломни
3159_4800_4828_0;Каменск-Шахтинский
3159_4800_4829_0;Кашары
3159_4800_4830_0;Коксовый
3159_4800_4831_0;Константиновск
3159_4800_4832_0;Красный Сулин
3159_4800_4833_0;Куйбышево
3159_4800_4834_0;Матвеев Курган
3159_4800_4835_0;Мигулинская
3159_4800_4836_0;Миллерово
3159_4800_4837_0;Милютинская
3159_4800_4838_0;Морозовск
3159_4800_4840_0;Новошахтинск
3159_4800_4841_0;Обливская
3159_4800_4842_0;Орловский
3159_4800_4843_0;Песчанокопское
3159_4800_4844_0;Покровское
3159_4800_4845_0;Пролетарск
3159_4800_4846_0;Ремонтное
3159_4800_4847_0;Родионово-Несветайская
3159_4800_4849_0;Сальск
3159_4800_4850_0;Семикаракорск
3159_4800_4852_0;Тарасовский
3159_4800_4853_0;Тацинский
3159_4800_4854_0;Усть-Донецкий
3159_4800_4855_0;Целина
3159_4800_4856_0;Цимлянск
3159_4800_4857_0;Чалтырь
3159_4800_4858_0;Чертково
3159_4800_4860_0;Шолоховский
3159_4861_4879_0;Рязань
3159_4861_4870_0;Касимов
3159_4861_4883_0;Скопин
3159_4861_4882_0;Сасово
3159_4861_4878_0;Ряжск
3159_4861_4862_0;Александро-Невский
3159_4861_4863_0;Горняк
3159_4861_4864_0;Гусь Железный
3159_4861_4865_0;Елатьма
3159_4861_4866_0;Ермишь
3159_4861_4867_0;Заречный (Рязанская обл.)
3159_4861_4868_0;Захарово
3159_4861_4869_0;Кадом
3159_4861_4871_0;Кораблино
3159_4861_4872_0;Милославское
3159_4861_4873_0;Михайлов
3159_4861_60144003_0;Новомичуринск
3159_4861_4874_0;Пителино
3159_4861_4875_0;Пронск
3159_4861_4876_0;Путятино
3159_4861_4877_0;Рыбное
3159_4861_4880_0;Сапожок
3159_4861_4881_0;Сараи
3159_4861_4884_0;Спас-Клепики
3159_4861_4885_0;Спасск-Рязанский
3159_4861_4886_0;Старожилово
3159_4861_4887_0;Ухолово
3159_4861_4888_0;Чучково
3159_4861_4889_0;Шацк
3159_4861_4890_0;Шилово
3159_4891_4917_0;Самара
3159_4891_4919_0;Тольятти
3159_4891_4918_0;Сызрань
3159_4891_4911_0;Новокуйбышевск
3159_4891_5020665_0;Сургут (Самарская обл.)
3159_4891_4892_0;Алексеевка (Самарская обл.)
3159_4891_4893_0;Безенчук
3159_4891_4894_0;Богатое
3159_4891_4895_0;Богатырь
3159_4891_278475_0;Большая Глушица
3159_4891_4896_0;Большая Глущица (Самарск.)
3159_4891_4897_0;Большая Черниговка
3159_4891_4898_0;Борское
3159_4891_4899_0;Волжский (Самарская обл.)
3159_4891_4900_0;Жигулевск
3159_4891_4901_0;Зольное
3159_4891_4902_0;Исаклы
3159_4891_4903_0;Камышла
3159_4891_4904_0;Кинель
3159_4891_4905_0;Кинель-Черкасы
3159_4891_4906_0;Клявлино
3159_4891_4907_0;Кошки
3159_4891_4908_0;Красноармейское (Самарск.)
3159_4891_10500476_0;Красный Яр (Самарская обл.)
3159_4891_4909_0;Куйбышев
3159_4891_4910_0;Нефтегорск
3159_4891_4912_0;Октябрьск
3159_4891_4913_0;Отрадный
3159_4891_4914_0;Пестравка
3159_4891_4915_0;Похвистнево
3159_4891_4916_0;Приволжье
3159_4891_58416778_0;Сергиевск
3159_4891_4920_0;Хворостянка
3159_4891_4921_0;Чапаевск
3159_4891_4922_0;Челно-Вершины
3159_4891_4923_0;Шентала
3159_4891_4924_0;Шигоны
3159_4969_5005_0;Саратов
3159_4969_5010_0;Энгельс
3159_4969_4974_0;Балаково
3159_4969_4975_0;Балашов
3159_4969_4978_0;Вольск
3159_4969_4970_0;Александров Гай
3159_4969_4971_0;Аркадак
3159_4969_4972_0;Аткарск
3159_4969_4973_0;Базарный Карабулак
3159_4969_4976_0;Балтай
3159_4969_4977_0;Возрождение
3159_4969_4979_0;Воскресенское (Саратовск.)
3159_4969_4980_0;Горный
3159_4969_4981_0;Дергачи
3159_4969_4982_0;Духовницкое
3159_4969_4983_0;Екатериновка
3159_4969_4984_0;Ершов
3159_4969_4985_0;Заречный (Саратовская обл.)
3159_4969_4986_0;Ивантеевка (Саратовская обл.)
3159_4969_4987_0;Калининск
3159_4969_4988_0;Каменский
3159_4969_4989_0;Красноармейск (Саратовск.)
3159_4969_4990_0;Красный Кут
3159_4969_4991_0;Лысые Горы
3159_4969_4992_0;Маркс
3159_4969_4993_0;Мокроус
3159_4969_4994_0;Новоузенск
3159_4969_4995_0;Новые Бурасы
3159_4969_4996_0;Озинки
3159_4969_4997_0;Перелюб
3159_4969_4998_0;Петровск
3159_4969_4999_0;Питерка
3159_4969_5000_0;Пугачев
3159_4969_5001_0;Ровное
3159_4969_5002_0;Романовка
3159_4969_5003_0;Ртищево
3159_4969_5004_0;Самойловка
3159_4969_5006_0;Степное (Саратовская обл.)
3159_4969_5007_0;Татищево
3159_4969_5008_0;Турки
3159_4969_5009_0;Хвалынск
3159_5011_5051_0;Якутск
3159_5011_5034_0;Нерюнгри
3159_5011_5033_0;Мирный (Саха)
3159_5011_5013_0;Алдан
3159_5011_5030_0;Ленск
3159_5011_5012_0;Абый
3159_5011_20710153_0;Айхал
3159_5011_5014_0;Амга
3159_5011_5015_0;Батагай
3159_5011_5016_0;Бердигестях
3159_5011_5017_0;Беркакит
3159_5011_5018_0;Бестях
3159_5011_5019_0;Борогонцы
3159_5011_5020_0;Верхневилюйск
3159_5011_5021_0;Верхнеколымск
3159_5011_5022_0;Верхоянск
3159_5011_5023_0;Вилюйск
3159_5011_5024_0;Витим
3159_5011_5025_0;Власово
3159_5011_20713731_0;Депутатский
3159_5011_5026_0;Жиганск
3159_5011_5027_0;Зырянка
3159_5011_5028_0;Кангалассы
3159_5011_5031_0;Майя
3159_5011_5032_0;Менкеря
3159_5011_21260958_0;Нижний Куранах
3159_5011_5035_0;Нычалах
3159_5011_5036_0;Нюрба
3159_5011_5037_0;Олекминск
3159_5011_5038_0;Покровск
3159_5011_5039_0;Сангар
3159_5011_5040_0;Саскылах
3159_5011_58421855_0;Солнечный
3159_5011_5041_0;Среднеколымск
3159_5011_5042_0;Сунтар
3159_5011_5043_0;Тикси
3159_5011_58411959_0;Удачный
3159_5011_5044_0;Усть-Мая
3159_5011_5045_0;Усть-Нера
3159_5011_5046_0;Хандыга
3159_5011_5047_0;Хонуу
3159_5011_89858906_0;Чернышевский
3159_5011_5048_0;Черский
3159_5011_5049_0;Чокурдах
3159_5011_105967263_0;Чульман
3159_5011_5050_0;Чурапча
3159_5052_5079_0;Южно-Сахалинск
3159_5052_5065_0;Корсаков
3159_5052_5077_0;Холмск
3159_5052_5070_0;Оха
3159_5052_5071_0;Поронайск
3159_5052_5053_0;Александровск-Сахалинский
3159_5052_5054_0;Анбэцу
3159_5052_5055_0;Анива
3159_5052_5056_0;Бошняково
3159_5052_5057_0;Быков
3159_5052_5058_0;Вахрушев
3159_5052_5059_0;Взморье
3159_5052_5060_0;Гастелло
3159_5052_5061_0;Горнозаводск (Сахалин)
3159_5052_5062_0;Долинск
3159_5052_5063_0;Ильинский (Сахалин)
3159_5052_5064_0;Катангли
3159_5052_5066_0;Курильск
3159_5052_5067_0;Макаров
3159_5052_5068_0;Невельск
3159_5052_5069_0;Ноглики
3159_5052_5072_0;Северо-Курильск
3159_5052_5073_0;Смирных
3159_5052_5074_0;Томари
3159_5052_5075_0;Тымовское
3159_5052_5076_0;Углегорск
3159_5052_5078_0;Шахтерск
3159_5052_4777963_0;Южно-Курильск
3159_5151_5156_0;Владикавказ
3159_5151_5158_0;Моздок
3159_5151_5154_0;Беслан
3159_5151_5152_0;Алагир
3159_5151_5153_0;Ардон
3159_5151_5155_0;Бурон
3159_5151_5157_0;Дигора
3159_5151_5159_0;Орджоникидзе
3159_5151_5160_0;Чикола
3159_5161_5184_0;Смоленск
3159_5161_5165_0;Вязьма
3159_5161_5181_0;Рославль
3159_5161_5183_0;Сафоново
3159_5161_5190_0;Ярцево
3159_5161_5162_0;Велиж
3159_5161_5163_0;Верхнеднепровский
3159_5161_5164_0;Ворга
3159_5161_5166_0;Гагарин
3159_5161_5167_0;Глинка
3159_5161_5168_0;Голынки
3159_5161_5169_0;Демидов
3159_5161_2184457_0;Десногорск
3159_5161_5170_0;Дорогобуж
3159_5161_5171_0;Духовщина
3159_5161_5172_0;Екимовичи
3159_5161_5173_0;Ельня
3159_5161_5174_0;Ершичи
3159_5161_5175_0;Издешково
3159_5161_5176_0;Кардымово
3159_5161_5177_0;Красный
3159_5161_5178_0;Монастырщина
3159_5161_5179_0;Новодугино
3159_5161_5180_0;Починок
3159_5161_5182_0;Рудня
3159_5161_5185_0;Сычевка
3159_5161_5186_0;Угра
3159_5161_5187_0;Хиславичи
3159_5161_5188_0;Холм-Жирковский
3159_5161_5189_0;Шумячи
3159_5191_5219_0;Ставрополь
3159_5191_5217_0;Пятигорск
3159_5191_5200_0;Ессентуки
3159_5191_5210_0;Невинномысск
3159_5191_5204_0;Кисловодск
3159_5191_5192_0;Александровское (Ставрополь.)
3159_5191_5193_0;Арзгир
3159_5191_5194_0;Благодарный
3159_5191_5195_0;Буденновск
3159_5191_5196_0;Георгиевск
3159_5191_5197_0;Дивное (Ставропольский край)
3159_5191_5198_0;Домбай
3159_5191_5199_0;Донское
3159_5191_4869166_0;Железноводск(Ставропольский)
3159_5191_10505475_0;Зеленокумск
3159_5191_10500094_0;Изобильный
3159_5191_5201_0;Иноземцево
3159_5191_5202_0;Ипатово
3159_5191_5203_0;Карачаевск
3159_5191_5205_0;Кочубеевское
3159_5191_5206_0;Красногвардейское (Ставрополь.)
3159_5191_5207_0;Курсавка
3159_5191_5208_0;Левокумское
3159_5191_58423293_0;Лермонтов
3159_5191_5209_0;Минеральные Воды
3159_5191_58391774_0;Михайловск
3159_5191_5211_0;Нефтекумск
3159_5191_5212_0;Новоалександровск
3159_5191_5213_0;Новоалександровская
3159_5191_5214_0;Новопавловск
3159_5191_5215_0;Новоселицкое
3159_5191_5216_0;Преградная
3159_5191_5218_0;Светлоград
3159_5191_10498697_0;Солнечнодольск
3159_5191_5220_0;Степное (Ставропольский край)
3159_5191_5221_0;Теберда
3159_5191_5222_0;Усть-Джегута
3159_5191_5223_0;Хабез
3159_5225_5242_0;Тамбов
3159_5225_5233_0;Мичуринск
3159_5225_5235_0;Моршанск
3159_5225_5239_0;Рассказово
3159_5225_5232_0;Котовск
3159_5225_5226_0;Бондари
3159_5225_5227_0;Гавриловка Вторая
3159_5225_5228_0;Жердевка
3159_5225_5229_0;Знаменка
3159_5225_5230_0;Инжавино
3159_5225_5231_0;Кирсанов
3159_5225_5234_0;Мордово
3159_5225_5236_0;Мучкапский
3159_5225_3474011_0;Первомайский (Тамбовская обл.)
3159_5225_5237_0;Петровское
3159_5225_5238_0;Пичаево
3159_5225_5240_0;Ржакса
3159_5225_58410505_0;Сосновка
3159_5225_5241_0;Староюрьево
3159_5225_5243_0;Токаревка
3159_5225_5244_0;Уварово
3159_5225_5245_0;Умет
3159_3784_3823_0;Тверь
3159_3784_3793_0;Вышний Волочек
3159_3784_3817_0;Ржев
3159_3784_3805_0;Конаково
3159_3784_3824_0;Торжок
3159_3784_3785_0;Андреаполь
3159_3784_3786_0;Бежецк
3159_3784_3787_0;Белый
3159_3784_3788_0;Белый Городок
3159_3784_3789_0;Березайка
3159_3784_3790_0;Бологое
3159_3784_3791_0;Васильевский Мох
3159_3784_58411439_0;Весьегонск
3159_3784_3792_0;Выползово
3159_3784_3794_0;Жарковский
3159_3784_3795_0;Западная Двина
3159_3784_3796_0;Заречье
3159_3784_3797_0;Зубцов
3159_3784_3798_0;Изоплит
3159_3784_3799_0;Калашниково
3159_3784_3800_0;Калинин
3159_3784_3801_0;Калязин
3159_3784_3802_0;Кашин
3159_3784_3803_0;Кесова Гора
3159_3784_3804_0;Кимры
3159_3784_3806_0;Красный Холм
3159_3784_3807_0;Кувшиново
3159_3784_3808_0;Лесное
3159_3784_3809_0;Лихославль
3159_3784_3810_0;Максатиха
3159_3784_3811_0;Молоково
3159_3784_3812_0;Нелидово
3159_3784_3813_0;Оленино
3159_3784_3814_0;Осташков
3159_3784_3815_0;Пено
3159_3784_3816_0;Рамешки
3159_3784_3818_0;Сандово
3159_3784_3819_0;Селижарово
3159_3784_3820_0;Сонково
3159_3784_3821_0;Спирово
3159_3784_3822_0;Старица
3159_3784_3825_0;Торопец
3159_3784_4285366_0;Удомля
3159_3784_3826_0;Фирово
3159_5291_5310_0;Томск
3159_5291_10501002_0;Северск
3159_5291_5309_0;Стрежевой
3159_5291_5302_0;Колпашево
3159_5291_5292_0;Александровское (Томская обл.)
3159_5291_5293_0;Асино
3159_5291_5294_0;Бакчар
3159_5291_5295_0;Батурино
3159_5291_5296_0;Белый Яр
3159_5291_5297_0;Зырянское
3159_5291_5298_0;Итатка
3159_5291_5299_0;Каргасок
3159_5291_5300_0;Катайга
3159_5291_5301_0;Кожевниково
3159_5291_5303_0;Кривошеино
3159_5291_5304_0;Мельниково
3159_5291_5305_0;Молчаново
3159_5291_5306_0;Парабель
3159_5291_5307_0;Первомайское
3159_5291_5308_0;Подгорное
3159_5291_5311_0;Тымск
3159_5312_5315_0;Кызыл
3159_5312_5320_0;Туран
3159_5312_5313_0;Ак-Довурак
3159_5312_5323_0;Чадан
3159_5312_5324_0;Шагонар
3159_5312_5314_0;Бай Хаак
3159_5312_5316_0;Самагалтай
3159_5312_5317_0;Сарыг-Сеп
3159_5312_5318_0;Суть-Холь
3159_5312_5319_0;Тоора-Хем
3159_5312_5321_0;Тээли
3159_5312_5322_0;Хову-Аксы
3159_5312_5325_0;Эрзин
3159_5326_5352_0;Тула
3159_5326_5348_0;Новомосковск
3159_5326_5353_0;Узловая
3159_5326_5328_0;Алексин
3159_5326_5354_0;Щекино
3159_5326_5327_0;Агеево
3159_5326_5329_0;Арсеньево
3159_5326_5330_0;Барсуки
3159_5326_5331_0;Бегичевский
3159_5326_2019672_0;Белев
3159_5326_5332_0;Богородицк
3159_5326_5333_0;Болохово
3159_5326_5334_0;Велегож
3159_5326_5335_0;Венев
3159_5326_5336_0;Волово
3159_5326_5337_0;Горелки
3159_5326_5338_0;Донской
3159_5326_5339_0;Дубна (Тульская обл.)
3159_5326_5340_0;Епифань
3159_5326_5341_0;Ефремов
3159_5326_5342_0;Заокский
3159_5326_5343_0;Казановка
3159_5326_5344_0;Кимовск
3159_5326_5345_0;Киреевск
3159_5326_5346_0;Куркино
3159_5326_5347_0;Ленинский
3159_5326_4041912_0;Лянтор
3159_5326_5349_0;Одоев
3159_5326_5350_0;Плавск
3159_5326_20712832_0;Советск (Тульская обл.)
3159_5326_5351_0;Суворов
3159_5326_5355_0;Ясногорск
3159_5356_5395_0;Тюмень
3159_5356_5391_0;Сургут
3159_5356_5380_0;Нижневартовск
3159_5356_5379_0;Нефтеюганск
3159_5356_5399_0;Ханты-Мансийск
3159_5356_5357_0;Абатский
3159_5356_279078_0;Аган
3159_5356_5358_0;Аксарка
3159_5356_5359_0;Армизонское
3159_5356_5360_0;Аромашево
3159_5356_4276360_0;Белоярский (Тюменская обл.)
3159_5356_5361_0;Бердюжье
3159_5356_89852665_0;Березово
3159_5356_5362_0;Большое Сорокино
3159_5356_5363_0;Вагай
3159_5356_5364_0;Викулово
3159_5356_5365_0;Винзили
3159_5356_5366_0;Голышманово
3159_5356_3535020_0;Губкинский (Тюменская обл.)
3159_5356_5367_0;Заводопетровский
3159_5356_5368_0;Заводоуковск
3159_5356_11910622_0;Игрим
3159_5356_2411629_0;Излучинск
3159_5356_5369_0;Исетское
3159_5356_5370_0;Ишим
3159_5356_5371_0;Казанское
3159_5356_5372_0;Казым-Мыс
3159_5356_1923662_0;Когалым (Тюменская обл.)
3159_5356_5373_0;Кондинское
3159_5356_5374_0;Красноселькуп
3159_5356_12364794_0;Лангепас
3159_5356_3473821_0;Ларьяк
3159_5356_20282334_0;Лянторский
3159_5356_6454651_0;Мегион
3159_5356_89874603_0;Междуреченский
3159_5356_5376_0;Мужи
3159_5356_2812698_0;Муравленко (Тюменская обл.)
3159_5356_5377_0;Надым (Тюменская обл.)
3159_5356_5378_0;Находка (Тюменская обл.)
3159_5356_5381_0;Нижняя Тавда
3159_5356_90047966_0;Новоаганск
3159_5356_5383_0;Ноябрьск (Тюменская обл.)
3159_5356_5384_0;Нягань
3159_5356_5385_0;Октябрьское (Тюменская обл.)
3159_5356_5386_0;Омутинский
3159_5356_555675685_0;Пойковский
3159_5356_10688837_0;Покачи (Тюменская обл.)
3159_5356_12370243_0;Приобье
3159_5356_11569394_0;Пыть-Ях
3159_5356_11567319_0;Радужный (Ханты-Мансийский АО)
3159_5356_5388_0;Салехард
3159_5356_5389_0;Сладково
3159_5356_5390_0;Советский (Тюменская обл.)
3159_5356_5392_0;Тазовский
3159_5356_5394_0;Тобольск
3159_5356_5396_0;Уват
3159_5356_11911051_0;Унъюган
3159_5356_5397_0;Упорово
3159_5356_5398_0;Урай
3159_5356_4156345_0;Югорск
3159_5356_5400_0;Юрибей
3159_5356_5401_0;Ялуторовск
3159_5356_5402_0;Яр-Сале
3159_5356_5403_0;Ярково
3159_5404_5414_0;Ижевск
3159_5404_5409_0;Глазов
3159_5404_5423_0;Сарапул
3159_5404_5408_0;Воткинск
3159_5404_5422_0;Можга
3159_5404_5405_0;Алнаши
3159_5404_5406_0;Балезино
3159_5404_5407_0;Вавож
3159_5404_5410_0;Грахово
3159_5404_5411_0;Дебесы
3159_5404_5412_0;Завьялово
3159_5404_5413_0;Игра
3159_5404_5415_0;Кама
3159_5404_5416_0;Камбарка
3159_5404_5417_0;Каракулино
3159_5404_5418_0;Кез
3159_5404_5419_0;Кизнер
3159_5404_5420_0;Киясово
3159_5404_5421_0;Красногорское (Удмуртия)
3159_5404_5424_0;Селты
3159_5404_5425_0;Сюмси
3159_5404_5426_0;Ува
3159_5404_5427_0;Устинов
3159_5404_5428_0;Шаркан
3159_5404_5429_0;Юкаменское
3159_5404_5430_0;Якшур-Бодья
3159_5404_5431_0;Яр
3159_5432_5456_0;Ульяновск
3159_5432_5438_0;Димитровград
3159_5432_5433_0;Базарный Сызган
3159_5432_5434_0;Барыш
3159_5432_5441_0;Инза
3159_5432_5435_0;Большое Нагаткино
3159_5432_5436_0;Вешкайма
3159_5432_5437_0;Глотовка
3159_5432_5439_0;Игнатовка
3159_5432_5440_0;Измайлово
3159_5432_5442_0;Ишеевка
3159_5432_5443_0;Канадей
3159_5432_5444_0;Карсун
3159_5432_5445_0;Кузоватово
3159_5432_5446_0;Майна
3159_5432_572322276_0;Николаевка
3159_5432_5447_0;Новая Малыкла
3159_5432_5448_0;Новоспасское
3159_5432_146817041_0;Новоульяновск
3159_5432_5449_0;Павловка
3159_5432_5450_0;Радищево
3159_5432_5451_0;Сенгилей
3159_5432_5452_0;Старая Кулатка
3159_5432_5453_0;Старая Майна
3159_5432_5454_0;Сурское
3159_5432_5455_0;Тереньга
3159_5432_5457_0;Чердаклы
3159_5473_5504_0;Хабаровск
3159_5473_5492_0;Комсомольск-на-Амуре
3159_5473_5474_0;Амурск
3159_5473_5500_0;Советская Гавань
3159_5473_5482_0;Ванино
3159_5473_5475_0;Аян
3159_5473_5476_0;Березовый
3159_5473_5477_0;Бикин
3159_5473_5478_0;Бира
3159_5473_5479_0;Биракан
3159_5473_5480_0;Богородское (Хабаровский край)
3159_5473_5481_0;Болонь
3159_5473_5483_0;Волочаевка Вторая
3159_5473_5484_0;Высокогорный
3159_5473_5485_0;Вяземский
3159_5473_5486_0;Горный
3159_5473_5487_0;Гурское
3159_5473_5488_0;Дормидонтовка
3159_5473_5489_0;Заветы Ильича
3159_5473_5490_0;Известковый
3159_5473_5491_0;Иннокентьевка
3159_5473_5493_0;Ленинское
3159_5473_5494_0;Нелькан
3159_5473_5495_0;Николаевск-на-Амуре
3159_5473_5496_0;Облучье
3159_5473_5497_0;Охотск
3159_5473_5498_0;Переяславка
3159_5473_5499_0;Смидович
3159_5473_5501_0;Софийск
3159_5473_5502_0;Троицкое
3159_5473_5503_0;Тугур
3159_5473_5505_0;Чегдомын
3159_5473_5506_0;Чумикан
3159_2316497_4093692_0;Абакан
3159_2316497_2316517_0;Саяногорск
3159_2316497_89855244_0;Черногорск
3159_5507_5539_0;Челябинск
3159_5507_5527_0;Магнитогорск
3159_5507_5528_0;Миасс
3159_5507_5517_0;Златоуст
3159_5507_4285519_0;Озерск(Челябинская обл.)
3159_5507_5508_0;Агаповка
3159_5507_5509_0;Аргаяш
3159_5507_5510_0;Аша
3159_5507_5511_0;Бакал
3159_5507_5512_0;Бреды
3159_5507_5513_0;Варна
3159_5507_5514_0;Верхнеуральск
3159_5507_5515_0;Верхний Уфалей
3159_5507_5516_0;Еманжелинск
3159_5507_5518_0;Карабаш
3159_5507_5519_0;Карталы
3159_5507_5520_0;Касли
3159_5507_5521_0;Катав-Ивановск
3159_5507_5522_0;Копейск
3159_5507_5523_0;Коркино
3159_5507_58881686_0;Красногорский
3159_5507_5524_0;Кунашак
3159_5507_5525_0;Куса
3159_5507_5526_0;Кыштым
3159_5507_90045383_0;Миньяр
3159_5507_5529_0;Октябрьское (Челябинская обл.)
3159_5507_5530_0;Пласт
3159_5507_5531_0;Сатка
3159_5507_5532_0;Сим
3159_5507_2005016_0;Снежинск (Челябинская обл.)
3159_5507_3408643_0;Трехгорный
3159_5507_5533_0;Троицк
3159_5507_5534_0;Увельский
3159_5507_5535_0;Уйское
3159_5507_5536_0;Усть-Катав
3159_5507_5537_0;Фершампенуаз
3159_5507_5538_0;Чебаркуль
3159_5507_5540_0;Чесма
3159_5507_5541_0;Южноуральск
3159_5507_5542_0;Юрюзань
3159_5543_5545_0;Грозный
3159_5543_5546_0;Гудермес
3159_5543_5553_0;Урус-Мартан
3159_5543_5544_0;Аргун
3159_5543_89853617_0;Знаменское
3159_5543_5549_0;Наурская
3159_5543_5550_0;Ножай-Юрт
3159_5543_5554_0;Шали
3159_5543_5552_0;Шатой
3159_5555_5597_0;Чита
3159_5555_5579_0;Краснокаменск
3159_5555_5564_0;Борзя
3159_5555_5572_0;Забайкальск
3159_5555_5589_0;Петровск-Забайкальский
3159_5555_5556_0;Агинское
3159_5555_5557_0;Аксеново-Зиловское
3159_5555_5558_0;Акша
3159_5555_5559_0;Александровский Завод
3159_5555_5560_0;Амазар
3159_5555_5561_0;Арбагар
3159_5555_5562_0;Атамановка
3159_5555_5563_0;Балей
3159_5555_5565_0;Букачача
3159_5555_5566_0;Газимурский Завод
3159_5555_5567_0;Давенда
3159_5555_5568_0;Дарасун
3159_5555_60144102_0;Домна
3159_5555_5569_0;Дровяная
3159_5555_5570_0;Дульдурга
3159_5555_5571_0;Жиндо
3159_5555_5573_0;Итака
3159_5555_5574_0;Калга
3159_5555_5575_0;Карымское
3159_5555_5576_0;Кличка
3159_5555_5577_0;Ключевский
3159_5555_5578_0;Кокуй
3159_5555_5580_0;Красный Чикой
3159_5555_5581_0;Кыра
3159_5555_5582_0;Моготуй
3159_5555_5583_0;Могоча
3159_5555_5584_0;Нерчинск
3159_5555_5585_0;Нерчинский Завод
3159_5555_5586_0;Нижний Цасучей
3159_5555_5587_0;Оловянная
3159_5555_5588_0;Первомайский (Читинская обл.)
3159_5555_5590_0;Приаргунск
3159_5555_5591_0;Сретенск
3159_5555_5592_0;Тупик
3159_5555_5593_0;Улеты
3159_5555_5594_0;Хилок
3159_5555_5595_0;Чара
3159_5555_5596_0;Чернышевск
3159_5555_5598_0;Шелопугино
3159_5555_5599_0;Шилка
3159_5600_5619_0;Чебоксары
3159_5600_5615_0;Новочебоксарск
3159_5600_5607_0;Канаш
3159_5600_5601_0;Алатырь
3159_5600_5621_0;Шумерля
3159_5600_5602_0;Аликово
3159_5600_5603_0;Батырева
3159_5600_5604_0;Буинск
3159_5600_5605_0;Вурнары
3159_5600_5606_0;Ибреси
3159_5600_5608_0;Киря
3159_5600_5609_0;Комсомольское
3159_5600_5610_0;Красноармейское (Чувашия)
3159_5600_5611_0;Красные Четаи
3159_5600_5612_0;Кугеси
3159_5600_5613_0;Мариинский Посад
3159_5600_5614_0;Моргауши
3159_5600_5616_0;Порецкое
3159_5600_5617_0;Урмары
3159_5600_5618_0;Цивильск
3159_5600_5620_0;Шемурша
3159_5600_5622_0;Ядрин
3159_5600_5623_0;Яльчики
3159_5600_5624_0;Янтиково
3159_2415585_2415620_0;Анадырь (Чукотский АО)
3159_2415585_6711408_0;Билибино
3159_2415585_89868950_0;Певек
3159_2415585_4244_0;Анадырь
3159_5019394_5020365_0;Новый Уренгой
3159_5019394_7717702_0;Ноябрьск
3159_5019394_5019404_0;Салехард
3159_5019394_5908547_0;Надым
3159_5019394_5498759_0;Губкинский (Ямало-Ненецкий АО)
3159_5019394_12371093_0;Заполярный (Ямало-Ненецкий АО)
3159_5019394_5375_0;Лабытнанги
3159_5019394_5252498_0;Муравленко
3159_5019394_60143546_0;Пангоды
3159_5019394_5641077_0;Пуровск
3159_5019394_58395464_0;Тазовский
3159_5019394_5393_0;Тарко-Сале
3159_5625_5646_0;Ярославль
3159_5625_5643_0;Рыбинск
3159_5625_5642_0;Ростов
3159_5625_5640_0;Переславль-Залесский
3159_5625_5644_0;Тутаев
3159_5625_5626_0;Андропов
3159_5625_5627_0;Берендеево
3159_5625_5628_0;Большое Село
3159_5625_5629_0;Борисоглебский
3159_5625_5630_0;Брейтово
3159_5625_5631_0;Бурмакино
3159_5625_5632_0;Варегово
3159_5625_5633_0;Волга
3159_5625_5634_0;Гаврилов Ям
3159_5625_5635_0;Данилов
3159_5625_5636_0;Любим
3159_5625_5637_0;Мышкин
3159_5625_5638_0;Некрасовское
3159_5625_5639_0;Новый Некоуз
3159_5625_5641_0;Пошехонье-Володарск
3159_5625_5645_0;Углич
3159_28180484_58421507_0;Черкесск
3159_4312_4400_11365;Авиамоторная
3159_4312_4400_11366;Автозаводская
3159_4312_4400_86678876;Академика Янгеля
3159_4312_4400_11367;Академическая
3159_4312_4400_11368;Александровский сад
3159_4312_4400_11369;Алексеевская
3159_4312_4400_11370;Алтуфьево
3159_4312_4400_3122727;Аннино
3159_4312_4400_11371;Арбатская
3159_4312_4400_11372;Аэропорт
3159_4312_4400_11373;Бабушкинская
3159_4312_4400_11374;Багратионовская
3159_4312_4400_11375;Баррикадная
3159_4312_4400_11376;Бауманская
3159_4312_4400_11377;Беговая
3159_4312_4400_11378;Белорусская
3159_4312_4400_11379;Беляево
3159_4312_4400_11380;Бибирево
3159_4312_4400_11381;Библиотека им. Ленина
3159_4312_4400_11383;Боровицкая
3159_4312_4400_11384;Ботанический сад
3159_4312_4400_11385;Братиславская
3159_4312_4400_237478636;Бульвар адмирала Ушакова
3159_4312_4400_3122740;Бульвар Дмитрия Донского
3159_4312_4400_237478756;Бунинская аллея
3159_4312_4400_11386;Варшавская
3159_4312_4400_11387;ВДНХ
3159_4312_4400_11388;Владыкино
3159_4312_4400_11389;Водный стадион
3159_4312_4400_11390;Войковская
3159_4312_4400_11391;Волгоградский проспект
3159_4312_4400_11392;Волжская
3159_4312_4400_408251423;Волоколамская
3159_4312_4400_11393;Воробьевы Горы
3159_4312_4400_563072312;Выставочная
3159_4312_4400_11394;Выхино
3159_4312_4400_11395;Динамо
3159_4312_4400_11396;Дмитровская
3159_4312_4400_11397;Добрынинская
3159_4312_4400_11398;Домодедовская
3159_4312_4400_478589784;Достоевская
3159_4312_4400_11399;Дубровка
3159_4312_4400_11400;Измайловская
3159_4312_4400_11402;Калужская
3159_4312_4400_11403;Кантемировская
3159_4312_4400_11404;Каховская
3159_4312_4400_11405;Каширская
3159_4312_4400_11406;Киевская
3159_4312_4400_11407;Китай-город
3159_4312_4400_11408;Кожуховская
3159_4312_4400_11409;Коломенская
3159_4312_4400_11410;Комсомольская
3159_4312_4400_11411;Коньково
3159_4312_4400_11412;Красногвардейская
3159_4312_4400_11413;Краснопресненская
3159_4312_4400_11414;Красносельская
3159_4312_4400_11415;Красные ворота
3159_4312_4400_11416;Крестьянская застава
3159_4312_4400_11417;Кропоткинская
3159_4312_4400_11418;Крылатское
3159_4312_4400_11419;Кузнецкий мост
3159_4312_4400_11420;Кузьминки
3159_4312_4400_11421;Кунцевская
3159_4312_4400_11422;Курская
3159_4312_4400_11423;Кутузовская
3159_4312_4400_11424;Ленинский проспект
3159_4312_4400_11425;Лубянка
3159_4312_4400_11426;Люблино
3159_4312_4400_11427;Марксистская
3159_4312_4400_478589866;Марьина роща
3159_4312_4400_11428;Марьино
3159_4312_4400_11429;Маяковская
3159_4312_4400_11430;Медведково
3159_4312_4400_11431;Менделеевская
3159_4312_4400_408177836;Митино
3159_4312_4400_11432;Молодежная
3159_4312_4400_408251157;Мякинино
3159_4312_4400_11433;Нагатинская
3159_4312_4400_11434;Нагорная
3159_4312_4400_11435;Нахимовский проспект
3159_4312_4400_11436;Новогиреево
3159_4312_4400_572325684;Новокосино
3159_4312_4400_572325685;Новокосино
3159_4312_4400_11437;Новокузнецкая
3159_4312_4400_11438;Новослободская
3159_4312_4400_563085990;Новоясеневская
3159_4312_4400_11439;Новые черемушки
3159_4312_4400_11440;Октябрьская
3159_4312_4400_11441;Октябрьское поле
3159_4312_4400_11442;Орехово
3159_4312_4400_11443;Отрадное
3159_4312_4400_11444;Охотный ряд
3159_4312_4400_11445;Павелецкая
3159_4312_4400_11446;Парк культуры
3159_4312_4400_11512;Парк Победы
3159_4312_4400_11401;Партизанская
3159_4312_4400_11447;Первомайская
3159_4312_4400_11448;Перово
3159_4312_4400_11449;Петровско-Разумовская
3159_4312_4400_11450;Печатники
3159_4312_4400_11451;Пионерская
3159_4312_4400_11452;Планерная
3159_4312_4400_11453;Площадь Ильича
3159_4312_4400_11454;Площадь революции
3159_4312_4400_11455;Полежаевская
3159_4312_4400_11456;Полянка
3159_4312_4400_11457;Пражская
3159_4312_4400_11458;Преображенская площадь
3159_4312_4400_11459;Пролетарская
3159_4312_4400_11460;Проспект Вернадского
3159_4312_4400_11461;Проспект Мира
3159_4312_4400_11462;Профсоюзная
3159_4312_4400_11463;Пушкинская
3159_4312_4400_11464;Речной вокзал
3159_4312_4400_11465;Рижская
3159_4312_4400_11466;Римская
3159_4312_4400_11467;Рязанский проспект
3159_4312_4400_11468;Савеловская
3159_4312_4400_11469;Свиблово
3159_4312_4400_11470;Севастопольская
3159_4312_4400_11471;Семеновская
3159_4312_4400_11472;Серпуховская
3159_4312_4400_408169214;Славянский бульвар
3159_4312_4400_11473;Смоленская
3159_4312_4400_11474;Сокол
3159_4312_4400_11475;Сокольники
3159_4312_4400_11476;Спортивная
3159_4312_4400_408250301;Сретенский бульвар
3159_4312_4400_175110433;Строгино
3159_4312_4400_11477;Студенческая
3159_4312_4400_11478;Сухаревская
3159_4312_4400_11479;Сходненская
3159_4312_4400_11480;Таганская
3159_4312_4400_11481;Тверская
3159_4312_4400_11482;Театральная
3159_4312_4400_11483;Текстильщики
3159_4312_4400_11484;Теплый стан
3159_4312_4400_11485;Тимирязевская
3159_4312_4400_11486;Третьяковская
3159_4312_4400_147552810;Трубная
3159_4312_4400_11487;Тульская
3159_4312_4400_11488;Тургеневская
3159_4312_4400_11489;Тушинская
3159_4312_4400_11490;Улица 1905 года
3159_4312_4400_11491;Улица академика Янгеля
3159_4312_4400_237479040;Улица Горчакова
3159_4312_4400_11492;Улица Подбельского
3159_4312_4400_237478922;Улица Скобелевская
3159_4312_4400_237478424;Улица Старокачаловская
3159_4312_4400_11493;Университет
3159_4312_4400_11494;Филевский парк
3159_4312_4400_11495;Фили
3159_4312_4400_11496;Фрунзенская
3159_4312_4400_11497;Царицыно
3159_4312_4400_11498;Цветной бульвар
3159_4312_4400_11499;Черкизовская
3159_4312_4400_11500;Чертановская
3159_4312_4400_11501;Чеховская
3159_4312_4400_11502;Чистые пруды
3159_4312_4400_11503;Чкаловская
3159_4312_4400_11504;Шаболовская
3159_4312_4400_11505;Шоссе энтузиастов
3159_4312_4400_11506;Щелковская
3159_4312_4400_11507;Щукинская
3159_4312_4400_11508;Электрозаводская
3159_4312_4400_11509;Юго-Западная
3159_4312_4400_11510;Южная
3159_4312_4400_11511;Ясенево
3159_4925_4962_11513;Автово
3159_4925_4962_572325676;Адмиралтейская
3159_4925_4962_11514;Академическая
3159_4925_4962_11515;Балтийская
3159_4925_4962_11516;Василеостровская
3159_4925_4962_11517;Владимирская
3159_4925_4962_572325424;Волковская
3159_4925_4962_11518;Выборгская
3159_4925_4962_11519;Горьковская
3159_4925_4962_11520;Гостиный двор
3159_4925_4962_11521;Гражданский проспект
3159_4925_4962_11522;Девяткино
3159_4925_4962_11523;Достоевская
3159_4925_4962_11524;Елизаровская
3159_4925_4962_11525;Звездная
3159_4925_4962_6157459;Звенигородская
3159_4925_4962_11526;Кировский завод
3159_4925_4962_11527;Комендантский проспект
3159_4925_4962_11528;Крестовский остров
3159_4925_4962_11529;Купчино
3159_4925_4962_11530;Ладожская
3159_4925_4962_11531;Ленинский проспект
3159_4925_4962_11532;Лесная
3159_4925_4962_11533;Лиговский проспект
3159_4925_4962_11534;Ломоносовская
3159_4925_4962_11535;Маяковская
3159_4925_4962_11536;Московская
3159_4925_4962_11537;Московские ворота
3159_4925_4962_11538;Нарвская
3159_4925_4962_11539;Невский проспект
3159_4925_4962_11540;Новочеркасская
3159_4925_4962_572325677;Обводной канал
3159_4925_4962_11541;Обухово
3159_4925_4962_11542;Озерки
3159_4925_4962_11543;Парк Победы
3159_4925_4962_118413238;Парнас
3159_4925_4962_11544;Петроградская
3159_4925_4962_11545;Пионерская
3159_4925_4962_11546;Площадь А. Невского I
3159_4925_4962_11547;Площадь А. Невского II
3159_4925_4962_11548;Площадь Восстания
3159_4925_4962_11549;Площадь Ленина
3159_4925_4962_11550;Площадь Мужества
3159_4925_4962_11551;Политехническая
3159_4925_4962_11552;Приморская
3159_4925_4962_11553;Пролетарская
3159_4925_4962_11554;Проспект большевиков
3159_4925_4962_11555;Проспект Ветеранов
3159_4925_4962_11556;Проспект Просвещения
3159_4925_4962_11557;Пушкинская
3159_4925_4962_11558;Рыбацкое
3159_4925_4962_11559;Садовая
3159_4925_4962_11560;Сенная площадь
3159_4925_4962_11561;Спортивная
3159_4925_4962_11562;Старая деревня
3159_4925_4962_11563;Технологический ин-т I
3159_4925_4962_11564;Технологический ин-т II
3159_4925_4962_11565;Удельная
3159_4925_4962_11566;Улица Дыбенко
3159_4925_4962_11567;Фрунзенская
3159_4925_4962_11568;Черная речка
3159_4925_4962_11569;Чернышевская
3159_4925_4962_11570;Чкаловская
3159_4925_4962_11571;Электросила
3159_4528_4549_256317168;Березовая роща
3159_4528_4549_256326877;Гагаринская
3159_4528_4549_256315813;Заельцовская
3159_4528_4549_256317288;Золотая нива
3159_4528_4549_256316035;Красный проспект
3159_4528_4549_256317049;Маршала Покрышкина
3159_4528_4549_256316291;Октябрьская
3159_4528_4549_256316795;Площадь Гарина-Михайловского
3159_4528_4549_256316152;Площадь Ленина
3159_4528_4549_256316674;Площадь Маркса
3159_4528_4549_256316346;Речной вокзал
3159_4528_4549_256316880;Сибирская
3159_4528_4549_256316441;Студенческая
