9908_10165_0_0;Киевская обл.
9908_10002_0_0;Донецкая обл.
9908_9964_0_0;Днепропетровская обл.
9908_10504_0_0;Харьковская обл.
9908_10373_0_0;Одесская обл.
9908_10227_0_0;АР Крым
9908_9909_0_0;Винницкая обл.
9908_9943_0_0;Волынская обл.
9908_10061_0_0;Житомирская обл.
9908_10094_0_0;Закарпатская обл.
9908_10111_0_0;Запорожская обл.
9908_10133_0_0;Ивано-Франковская обл.
9908_10201_0_0;Кировоградская обл.
9908_10259_0_0;Луганская обл.
9908_10318_0_0;Львовская обл.
9908_10354_0_0;Николаевская обл.
9908_10407_0_0;Полтавская обл.
9908_10437_0_0;Ровенская обл.
9908_10455_0_0;Сумская обл.
9908_10480_0_0;Тернопольская обл.
9908_10535_0_0;Херсонская обл.
9908_10559_0_0;Хмельницкая обл.
9908_10583_0_0;Черкасская обл.
9908_10607_0_0;Черниговская обл.
9908_10633_0_0;Черновицкая обл.
9908_10165_10184_0;Киев
9908_10165_10167_0;Белая Церковь
9908_10165_10185_0;Киевская
9908_10165_10173_0;Бровары
9908_10165_10170_0;Борисполь
9908_10165_10166_0;Барышевка
9908_10165_10168_0;Березань
9908_10165_10169_0;Богуслав
9908_10165_10171_0;Боровая
9908_10165_10172_0;Бородянка
9908_10165_10499792_0;Боярка
9908_10165_10174_0;Васильков
9908_10165_526655216_0;Вишневое
9908_10165_10175_0;Володарка
9908_10165_10176_0;Ворзель
9908_10165_7720010_0;Вышгород
9908_10165_10177_0;Гребенки
9908_10165_10178_0;Дымер
9908_10165_10179_0;Згуровка
9908_10165_10180_0;Иванков
9908_10165_10181_0;Ирпень
9908_10165_10182_0;Кагарлык
9908_10165_10183_0;Калиновка
9908_10165_10186_0;Кодра
9908_10165_10187_0;Кожанка
9908_10165_10188_0;Козин
9908_10165_10189_0;Макаров
9908_10165_58413137_0;Мироновка
9908_10165_10190_0;Обухов
9908_10165_10191_0;Переяслав-Хмельницкий
9908_10165_10192_0;Полесское
9908_10165_10193_0;Ракитное
9908_10165_199569455_0;Ржищев
9908_10165_10194_0;Сквира
9908_10165_4691664_0;Славутич
9908_10165_10195_0;Ставище
9908_10165_10196_0;Тараща
9908_10165_10197_0;Тетиев
9908_10165_10198_0;Фастов
9908_10165_10199_0;Чернобыль
9908_10165_10200_0;Яготин
9908_10002_10029_0;Донецк
9908_10002_10047_0;Мариуполь
9908_10002_10021_0;Горловка
9908_10002_10046_0;Макеевка
9908_10002_10043_0;Краматорск
9908_10002_10003_0;Авдеевка
9908_10002_10004_0;Александровка
9908_10002_10005_0;Алексеево-Дружковка
9908_10002_10006_0;Амвросиевка
9908_10002_10007_0;Андреевка
9908_10002_10008_0;Артемово
9908_10002_10009_0;Артемовск
9908_10002_10010_0;Безыменное
9908_10002_10011_0;Беленькое
9908_10002_10012_0;Белицкое
9908_10002_10013_0;Благодатное
9908_10002_10014_0;Былбасовка
9908_10002_10015_0;Великая Новоселка
9908_10002_10016_0;Войковский
9908_10002_10017_0;Волноваха
9908_10002_10018_0;Володарское
9908_10002_10019_0;Гольмовский
9908_10002_10020_0;Горбачево-Михайловка
9908_10002_10022_0;Гродовка
9908_10002_10023_0;Грузско-Зорянское
9908_10002_10024_0;Дебальцево
9908_10002_10025_0;Дзержинск
9908_10002_10026_0;Димитров
9908_10002_10027_0;Доброполье
9908_10002_10028_0;Докучаевск
9908_10002_10030_0;Донецкая
9908_10002_10031_0;Донское
9908_10002_10032_0;Дробышево
9908_10002_10033_0;Дружковка
9908_10002_10034_0;Енакиево
9908_10002_90046673_0;Ждановка
9908_10002_10036_0;Желанное
9908_10002_10037_0;Зугрэс
9908_10002_10038_0;Зуевка
9908_10002_10039_0;Иловайск
9908_10002_10041_0;Карло-Марксово
9908_10002_10042_0;Кировск
9908_10002_10501179_0;Константиновка
9908_10002_10044_0;Красноармейск
9908_10002_10045_0;Красный Лиман
9908_10002_10048_0;Марьинка
9908_10002_89739142_0;Николаевка
9908_10002_10049_0;Новоазовск
9908_10002_10050_0;Новоэкономическое
9908_10002_10051_0;Першотравневое
9908_10002_572314939_0;Светлодарск
9908_10002_10052_0;Селидово
9908_10002_10053_0;Славянск
9908_10002_10054_0;Снежное
9908_10002_10040_0;Соледар
9908_10002_10055_0;Старобешево
9908_10002_10056_0;Тельманово
9908_10002_10057_0;Торез
9908_10002_20286044_0;Угледар
9908_10002_10058_0;Харцызск
9908_10002_10059_0;Шахтерск
9908_10002_10060_0;Ясиноватая
9908_9964_9977_0;Днепропетровск
9908_9964_9985_0;Кривой Рог
9908_9964_9976_0;Днепродзержинск
9908_9964_9990_0;Никополь
9908_9964_9993_0;Павлоград
9908_9964_9965_0;Апостолово
9908_9964_9966_0;Аулы
9908_9964_9967_0;Брагиновка
9908_9964_9968_0;Васильковка
9908_9964_9969_0;Верхнеднепровск
9908_9964_9970_0;Верховцево
9908_9964_9971_0;Вольногорск
9908_9964_9972_0;Гвардейское
9908_9964_9973_0;Горняцкое
9908_9964_9974_0;Губиниха
9908_9964_9975_0;Демурино
9908_9964_9978_0;Желтые Воды
9908_9964_9979_0;Зализничное
9908_9964_20285960_0;Зеленодольск
9908_9964_9980_0;Зеленое
9908_9964_9981_0;Илларионово
9908_9964_9982_0;Ингулец
9908_9964_9983_0;Калинино
9908_9964_9984_0;Карнауховка
9908_9964_9986_0;Кринички
9908_9964_9987_0;Магдалиновка
9908_9964_9988_0;Марганец
9908_9964_9989_0;Межевая
9908_9964_9991_0;Новомосковск
9908_9964_9992_0;Орджоникидзе
9908_9964_4156678_0;Першотравенск
9908_9964_9994_0;Петропавловка
9908_9964_9995_0;Покровское
9908_9964_9996_0;Пятихатки
9908_9964_9997_0;Синельниково
9908_9964_572324478_0;Соленое
9908_9964_9998_0;Софиевка
9908_9964_9999_0;Томаковка
9908_9964_10000_0;Царичанка
9908_9964_10001_0;Широкое
9908_10504_10532_0;Харьков
9908_10504_10527_0;Лозовая
9908_10504_10526_0;Купянск
9908_10504_10521_0;Изюм
9908_10504_10533_0;Чугуев
9908_10504_10505_0;Балаклея
9908_10504_10506_0;Барвенково
9908_10504_10507_0;Близнюки
9908_10504_10508_0;Богодухов
9908_10504_10509_0;Борки
9908_10504_10510_0;Боровая
9908_10504_10511_0;Буды
9908_10504_10512_0;Валки
9908_10504_10513_0;Великий Бурлук
9908_10504_10514_0;Волчанск
9908_10504_10515_0;Готвальд
9908_10504_10516_0;Гуты
9908_10504_10517_0;Дергачи
9908_10504_10518_0;Зачепиловка
9908_10504_10519_0;Зидьки
9908_10504_10520_0;Золочев
9908_10504_10522_0;Казачья Лопань
9908_10504_10523_0;Кегичевка
9908_10504_10524_0;Красноград
9908_10504_10525_0;Краснокутск
9908_10504_10528_0;Люботин
9908_10504_7719220_0;Мерефа
9908_10504_10529_0;Новая Водолага
9908_10504_10530_0;Первомайский
9908_10504_7719232_0;Песочин
9908_10504_10531_0;Сахновщина
9908_10504_10534_0;Шевченково
9908_10373_10398_0;Одесса
9908_10373_10388_0;Измаил
9908_10373_10389_0;Ильичевск
9908_10373_10378_0;Белгород-Днестровский
9908_10373_10393_0;Котовск
9908_10373_10374_0;Аккерман
9908_10373_10375_0;Ананьев
9908_10373_10376_0;Арциз
9908_10373_10377_0;Балта
9908_10373_10379_0;Беляевка
9908_10373_10380_0;Березино
9908_10373_10381_0;Березовка
9908_10373_10382_0;Болград
9908_10373_10383_0;Бородино
9908_10373_10384_0;Великая Михайловка
9908_10373_10385_0;Великодолининское
9908_10373_10386_0;Вилково
9908_10373_10387_0;Затишье
9908_10373_546042868_0;Ивановка
9908_10373_10390_0;Килия
9908_10373_10391_0;Кодыма
9908_10373_10392_0;Коминтерновское
9908_10373_10394_0;Красные Окны
9908_10373_10395_0;Любашевка
9908_10373_10396_0;Николаевка
9908_10373_10397_0;Овидиополь
9908_10373_10399_0;Раздельная
9908_10373_10400_0;Рени
9908_10373_10401_0;Саврань
9908_10373_10402_0;Сарата
9908_10373_10403_0;Тарутино
9908_10373_10404_0;Татарбунары
9908_10373_51375765_0;Теплодар
9908_10373_10405_0;Фрунзовка
9908_10373_10406_0;Ширяево
9908_10373_12370062_0;Южный
9908_10227_10252_0;Симферополь
9908_10227_10251_0;Севастополь
9908_10227_10258_0;Ялта
9908_10227_10239_0;Евпатория
9908_10227_10241_0;Керчь
9908_10227_10228_0;Азовское
9908_10227_10229_0;Алупка
9908_10227_10230_0;Алушта
9908_10227_10501749_0;Армянск
9908_10227_278069_0;Артек
9908_10227_10231_0;Багерово
9908_10227_10232_0;Балаклава
9908_10227_10233_0;Бахчисарай
9908_10227_10234_0;Белогорск
9908_10227_278070_0;Береговое
9908_10227_278071_0;Ботаническое
9908_10227_10235_0;Гаспра
9908_10227_10236_0;Гвардейское
9908_10227_10237_0;Гурзуф
9908_10227_10238_0;Джанкой
9908_10227_10240_0;Зуя
9908_10227_278072_0;Кастрополь
9908_10227_278073_0;Кацивели
9908_10227_10242_0;Кировское
9908_10227_58395861_0;Коктебель
9908_10227_278074_0;Кореиз
9908_10227_278075_0;Красногвардейск
9908_10227_10243_0;Красногвардейское
9908_10227_278076_0;Краснокаменка
9908_10227_10244_0;Красноперекопск
9908_10227_278077_0;Курпаты
9908_10227_10245_0;Ленино
9908_10227_278078_0;Ливадия
9908_10227_10246_0;Массандра
9908_10227_278079_0;Мисхор
9908_10227_10247_0;Нижнегорский
9908_10227_278080_0;Олива
9908_10227_278082_0;Парковое
9908_10227_10248_0;Первомайское
9908_10227_278083_0;Понизовка
9908_10227_10249_0;Раздольное
9908_10227_10250_0;Саки
9908_10227_278084_0;Санаторное
9908_10227_90190474_0;Симеиз
9908_10227_10253_0;Советский
9908_10227_10254_0;Судак
9908_10227_10255_0;Феодосия
9908_10227_10256_0;Форос
9908_10227_10257_0;Черноморское
9908_10227_5908510_0;Щёлкино
9908_9909_9916_0;Винница
9908_9909_9928_0;Могилев-Подольский
9908_9909_9921_0;Жмеринка
9908_9909_9923_0;Казатин
9908_9909_9918_0;Гайсин
9908_9909_9910_0;Бар
9908_9909_9911_0;Бершадь
9908_9909_9912_0;Браилов
9908_9909_9913_0;Брацлав
9908_9909_9914_0;Вапнярка
9908_9909_9915_0;Вендичаны
9908_9909_9917_0;Вороновица
9908_9909_9919_0;Гнивань
9908_9909_9920_0;Дашев
9908_9909_9922_0;Ильинцы
9908_9909_9924_0;Калиновка
9908_9909_9925_0;Крыжополь
9908_9909_90029777_0;Ладыжин
9908_9909_9926_0;Липовец
9908_9909_9927_0;Литин
9908_9909_9929_0;Мурованные Куриловцы
9908_9909_9930_0;Немиров
9908_9909_9931_0;Оратов
9908_9909_9932_0;Песчанка
9908_9909_9933_0;Погребище
9908_9909_9934_0;Теплик
9908_9909_9935_0;Томашполь
9908_9909_9936_0;Тростянец
9908_9909_9937_0;Тульчин
9908_9909_9938_0;Тывров
9908_9909_9939_0;Хмельник
9908_9909_9940_0;Чечельник
9908_9909_9941_0;Шаргород
9908_9909_9942_0;Ямполь
9908_9943_9955_0;Луцк
9908_9943_9953_0;Ковель
9908_9943_9945_0;Владимир-Волынский
9908_9943_9959_0;Нововолынск
9908_9943_9957_0;Любомль
9908_9943_9944_0;Берестечко
9908_9943_9946_0;Голобы
9908_9943_9947_0;Головно
9908_9943_9948_0;Горохов
9908_9943_9949_0;Заболотье
9908_9943_9950_0;Иваничи
9908_9943_9951_0;Камень-Каширский
9908_9943_9952_0;Киверцы
9908_9943_9954_0;Локачи
9908_9943_9956_0;Любешов
9908_9943_9958_0;Маневичи
9908_9943_9960_0;Ратно
9908_9943_9961_0;Рожище
9908_9943_9962_0;Старая Выжевка
9908_9943_9963_0;Турийск
9908_9943_592635195_0;Шацк
9908_10061_10076_0;Житомир
9908_10061_10065_0;Бердичев
9908_10061_10079_0;Коростень
9908_10061_10085_0;Новоград-Волынский
9908_10061_10083_0;Малин
9908_10061_10062_0;Андрушевка
9908_10061_10063_0;Барановка
9908_10061_10064_0;Белая Криница
9908_10061_10066_0;Броницкая Гута
9908_10061_10067_0;Брусилов
9908_10061_10068_0;Быковка
9908_10061_10069_0;Великие Коровинцы
9908_10061_10070_0;Володарск-Волынский
9908_10061_10071_0;Городница
9908_10061_10072_0;Гришковцы
9908_10061_10073_0;Дзержинск
9908_10061_10074_0;Довбыш
9908_10061_10075_0;Емильчино
9908_10061_10077_0;Иванополь
9908_10061_10078_0;Каменный Брод
9908_10061_10080_0;Коростышев
9908_10061_10081_0;Лугины
9908_10061_10082_0;Любар
9908_10061_10084_0;Народичи
9908_10061_10086_0;Овруч
9908_10061_10087_0;Олевск
9908_10061_10088_0;Попельня
9908_10061_10089_0;Радомышль
9908_10061_10090_0;Ружин
9908_10061_10091_0;Червоноармейск
9908_10061_10092_0;Черняхов
9908_10061_10093_0;Чуднов
9908_10094_10108_0;Ужгород
9908_10094_10103_0;Мукачево
9908_10094_10109_0;Хуст
9908_10094_10099_0;Виноградов
9908_10094_10107_0;Тячев
9908_10094_10095_0;Берегово
9908_10094_10096_0;Буштына
9908_10094_10097_0;Великий Березный
9908_10094_10098_0;Великий Бычков
9908_10094_10100_0;Воловец
9908_10094_10101_0;Иршава
9908_10094_10102_0;Межгорье
9908_10094_10104_0;Перечин
9908_10094_10105_0;Рахов
9908_10094_10106_0;Свалява
9908_10094_10110_0;Чоп
9908_10111_10119_0;Запорожье
9908_10111_10124_0;Мелитополь
9908_10111_10115_0;Бердянск
9908_10111_2724870_0;Энергодар
9908_10111_10131_0;Токмак
9908_10111_10112_0;Акимовка
9908_10111_10113_0;Андреевка
9908_10111_10114_0;Балабино
9908_10111_10116_0;Васильевка
9908_10111_10117_0;Веселое
9908_10111_89867479_0;Вольнянск
9908_10111_10118_0;Гуляйполе
9908_10111_58418041_0;Днепрорудный
9908_10111_10120_0;Каменка-Днепровская
9908_10111_10121_0;Каменное
9908_10111_10122_0;Камыш-Заря
9908_10111_10123_0;Куйбышево
9908_10111_10125_0;Михайловка
9908_10111_10126_0;Новониколаевка
9908_10111_10127_0;Орехов
9908_10111_10128_0;Пологи
9908_10111_10129_0;Приазовское
9908_10111_10130_0;Приморск
9908_10111_10132_0;Черниговка
9908_10133_10151_0;Ивано-Франковск
9908_10133_10154_0;Коломыя
9908_10133_10153_0;Калуш
9908_10133_50737674_0;Долина
9908_10133_10157_0;Надворная
9908_10133_10134_0;Богородчаны
9908_10133_10135_0;Болехов
9908_10133_10136_0;Болшовцы
9908_10133_10137_0;Брошнев-Осада
9908_10133_10138_0;Букачевцы
9908_10133_10139_0;Бурштын
9908_10133_10140_0;Бытков
9908_10133_10141_0;Верховина
9908_10133_10142_0;Войнилов
9908_10133_10143_0;Ворохта
9908_10133_10144_0;Выгода
9908_10133_10145_0;Галич
9908_10133_10146_0;Гвоздец
9908_10133_10147_0;Городенка
9908_10133_10148_0;Делятин
9908_10133_10149_0;Жовтень
9908_10133_10150_0;Заболотов
9908_10133_10152_0;Калуж
9908_10133_10155_0;Косов
9908_10133_10156_0;Надворна
9908_10133_10158_0;Рогатин
9908_10133_10159_0;Рожнятов
9908_10133_10160_0;Снятын
9908_10133_10161_0;Станиславов
9908_10133_10162_0;Тлумач
9908_10133_10163_0;Тысменица
9908_10133_10164_0;Яремча
9908_10201_10214_0;Кировоград
9908_10201_10203_0;Александрия
9908_10201_10224_0;Светловодск
9908_10201_10211_0;Знаменка
9908_10201_10220_0;Новоукраинка
9908_10201_10202_0;Александровка
9908_10201_10204_0;Бобринец
9908_10201_10205_0;Гайворон
9908_10201_10206_0;Голованевск
9908_10201_10207_0;Добровеличковка
9908_10201_10208_0;Долинская
9908_10201_10209_0;Елизаветградка
9908_10201_10210_0;Завалье
9908_10201_10212_0;Знаменка-Вторая
9908_10201_10213_0;Капитановка
9908_10201_10215_0;Компанеевка
9908_10201_10216_0;Малая Виска
9908_10201_10217_0;Новгородка
9908_10201_10218_0;Новоархангельск
9908_10201_10219_0;Новомиргород
9908_10201_10221_0;Ольшанка
9908_10201_10222_0;Онуфриевка
9908_10201_10223_0;Петрово
9908_10201_10225_0;Ульяновка
9908_10201_10226_0;Устиновка
9908_10259_10299_0;Луганск
9908_10259_10261_0;Алчевск
9908_10259_10312_0;Северодонецк
9908_10259_10298_0;Лисичанск
9908_10259_10296_0;Красный Луч
9908_10259_10260_0;Алексадровск
9908_10259_10262_0;Антрацит
9908_10259_10263_0;Артемовск
9908_10259_10264_0;Байрачки
9908_10259_10265_0;Беловодск
9908_10259_10266_0;Белогоровка
9908_10259_10267_0;Белое
9908_10259_10268_0;Белокуракино
9908_10259_10269_0;Белолуцк
9908_10259_10270_0;Бирюково
9908_10259_10271_0;Боково-Платово
9908_10259_10272_0;Боровское
9908_10259_10273_0;Брянка
9908_10259_10274_0;Бугаевка
9908_10259_10275_0;Вахрушево
9908_10259_10276_0;Великий Лог
9908_10259_10277_0;Вергулевка
9908_10259_10278_0;Володарск
9908_10259_10279_0;Волчеяровка
9908_10259_10280_0;Ворошиловград
9908_10259_10281_0;Врубовка
9908_10259_10282_0;Врубовский
9908_10259_10283_0;Георгиевка
9908_10259_10284_0;Горское
9908_10259_10285_0;Есауловка
9908_10259_10286_0;Зимогорье
9908_10259_10287_0;Золотое
9908_10259_10288_0;Зоринск
9908_10259_10289_0;Изварино
9908_10259_10290_0;Калининский
9908_10259_10291_0;Калиново
9908_10259_10292_0;Камышеваха
9908_10259_10293_0;Кировск
9908_10259_10294_0;Коммунарск
9908_10259_10295_0;Краснодон
9908_10259_10297_0;Кременная
9908_10259_10300_0;Лутугино
9908_10259_10301_0;Марковка
9908_10259_10302_0;Меловое
9908_10259_216066818_0;Молодогвардейск
9908_10259_10303_0;Новоайдар
9908_10259_10304_0;Новопсков
9908_10259_10305_0;Первомайск
9908_10259_10306_0;Перевальск
9908_10259_412248624_0;Петровское
9908_10259_10307_0;Попасная
9908_10259_10308_0;Ровеньки
9908_10259_10309_0;Рубежное
9908_10259_10310_0;Сватово
9908_10259_10311_0;Свердловск
9908_10259_10313_0;Славяносербск
9908_10259_10314_0;Станично-Луганское
9908_10259_10315_0;Старобельск
9908_10259_10316_0;Стаханов
9908_10259_60144325_0;Счастье
9908_10259_10317_0;Троицкое
9908_10259_592117049_0;Червонопартизанск
9908_10318_10337_0;Львов
9908_10318_10331_0;Дрогобыч
9908_10318_10352_0;Червоноград
9908_10318_10349_0;Стрый
9908_10318_10350_0;Трускавец
9908_10318_10319_0;Белз
9908_10318_10320_0;Бобрка
9908_10318_10321_0;Борислав
9908_10318_10322_0;Броды
9908_10318_10323_0;Буск
9908_10318_10324_0;Великие Мосты
9908_10318_10325_0;Верхнее Синевидное
9908_10318_10326_0;Винники
9908_10318_10327_0;Глиняны
9908_10318_10328_0;Горняк
9908_10318_10329_0;Дашава
9908_10318_10330_0;Добротвор
9908_10318_10332_0;Жидачов
9908_10318_10333_0;Жовква
9908_10318_10334_0;Золочев
9908_10318_10335_0;Ивано-Франково
9908_10318_10336_0;Каменка-Бугская
9908_10318_66885698_0;Красне
9908_10318_89868543_0;Моршин
9908_10318_10338_0;Мостиска
9908_10318_10339_0;Нестеров
9908_10318_10340_0;Николаев
9908_10318_105935709_0;Новый Роздил
9908_10318_10341_0;Перемышляны
9908_10318_10342_0;Пустомыты
9908_10318_10343_0;Рава Русская
9908_10318_10344_0;Радехов
9908_10318_10345_0;Самбор
9908_10318_10346_0;Сколе
9908_10318_10347_0;Сокаль
9908_10318_10348_0;Старый Самбор
9908_10318_10351_0;Турка
9908_10318_10353_0;Яворов
9908_10354_10367_0;Николаев
9908_10354_10371_0;Первомайск
9908_10354_3845619_0;Южноукраинск
9908_10354_10362_0;Вознесенск
9908_10354_10370_0;Очаков
9908_10354_10355_0;Александровка
9908_10354_10356_0;Арбузинка
9908_10354_10357_0;Баштанка
9908_10354_10358_0;Березнеговатое
9908_10354_10359_0;Братское
9908_10354_10360_0;Великая Корениха
9908_10354_10361_0;Веселиново
9908_10354_10363_0;Доманевка
9908_10354_10364_0;Еланец
9908_10354_10365_0;Казанка
9908_10354_89873716_0;Коблево
9908_10354_10366_0;Кривое Озеро
9908_10354_10368_0;Новая Одесса
9908_10354_10369_0;Новый Буг
9908_10354_10372_0;Снигиревка
9908_10407_10430_0;Полтава
9908_10407_10421_0;Кременчуг
9908_10407_11563592_0;Комсомольск
9908_10407_10423_0;Лубны
9908_10407_10425_0;Миргород
9908_10407_10408_0;Белики
9908_10407_10409_0;Великая Багачка
9908_10407_10410_0;Гадяч
9908_10407_10411_0;Глобино
9908_10407_10412_0;Гоголево
9908_10407_10413_0;Градижск
9908_10407_10414_0;Гребенка
9908_10407_10415_0;Диканька
9908_10407_10416_0;Зеньков
9908_10407_10417_0;Карловка
9908_10407_10418_0;Кобеляки
9908_10407_10419_0;Козельщина
9908_10407_10420_0;Котельва
9908_10407_10422_0;Лохвица
9908_10407_10424_0;Машевка
9908_10407_10426_0;Новые Санжары
9908_10407_10427_0;Оржица
9908_10407_10428_0;Пирянтин
9908_10407_10429_0;Пирятин
9908_10407_10431_0;Решетиловка
9908_10407_10432_0;Семеновка
9908_10407_10433_0;Хорол
9908_10407_10434_0;Чернухи
9908_10407_10435_0;Чутово
9908_10407_10436_0;Шишаки
9908_10437_10452_0;Ровно
9908_10437_10449_0;Кузнецовск
9908_10437_10441_0;Дубно
9908_10437_10453_0;Сарны
9908_10437_10448_0;Костополь
9908_10437_584627232_0;Березно
9908_10437_10438_0;Владимирец
9908_10437_10439_0;Гоща
9908_10437_10440_0;Демидовка
9908_10437_10442_0;Дубровица
9908_10437_10443_0;Заречное
9908_10437_10444_0;Здолбунов
9908_10437_10445_0;Клевань
9908_10437_10446_0;Клесов
9908_10437_10447_0;Корец
9908_10437_10450_0;Млинов
9908_10437_10451_0;Острог
9908_10437_66184427_0;Радивилов
9908_10455_10475_0;Сумы
9908_10455_10466_0;Конотоп
9908_10455_10477_0;Шостка
9908_10455_10456_0;Ахтырка
9908_10455_10473_0;Ромны
9908_10455_10457_0;Белополье
9908_10455_10458_0;Бурынь
9908_10455_10459_0;Великая Писаревка
9908_10455_10460_0;Ворожба
9908_10455_10461_0;Воронеж
9908_10455_10462_0;Глухов
9908_10455_10463_0;Дружба
9908_10455_10464_0;Знобь-Новгородское
9908_10455_10465_0;Кириковка
9908_10455_10467_0;Краснополье
9908_10455_10468_0;Кролевец
9908_10455_10469_0;Лебедин
9908_10455_10470_0;Липовая Долина
9908_10455_10471_0;Недригайлов
9908_10455_10472_0;Путивль
9908_10455_10474_0;Середина-Буда
9908_10455_10476_0;Тростянец
9908_10455_10478_0;Шурупинское
9908_10455_10479_0;Ямполь
9908_10480_10501_0;Тернополь
9908_10480_10502_0;Чортков
9908_10480_10496_0;Кременец
9908_10480_10481_0;Бережаны
9908_10480_10483_0;Бучач
9908_10480_10482_0;Борщев
9908_10480_10484_0;Великие Борки
9908_10480_10485_0;Вишневец
9908_10480_10486_0;Гримайлов
9908_10480_10487_0;Гусятин
9908_10480_10488_0;Залещики
9908_10480_10489_0;Заложцы
9908_10480_10490_0;Збараж
9908_10480_10491_0;Зборов
9908_10480_10492_0;Золотники
9908_10480_10493_0;Золотойпоток
9908_10480_10494_0;Козлов
9908_10480_10495_0;Козова
9908_10480_10497_0;Лановцы
9908_10480_10498_0;Монастыриска
9908_10480_10499_0;Подволочиск
9908_10480_10500_0;Теребовля
9908_10480_10503_0;Шумское
9908_10535_10556_0;Херсон
9908_10535_10552_0;Новая Каховка
9908_10535_10550_0;Каховка
9908_10535_10544_0;Геническ
9908_10535_10555_0;Скадовск
9908_10535_10536_0;Аскания-Нова
9908_10535_10537_0;Белая Криница
9908_10535_10538_0;Белозерка
9908_10535_10539_0;Берислав
9908_10535_10540_0;Великая Александровка
9908_10535_10541_0;Великая Лепетиха
9908_10535_10542_0;Верхний Рогачик
9908_10535_10543_0;Высокополье
9908_10535_10545_0;Голая Пристань
9908_10535_10546_0;Горностаевка
9908_10535_10547_0;Днепряны
9908_10535_10548_0;Каланчак
9908_10535_10549_0;Калининское
9908_10535_10551_0;Нижние Серогозы
9908_10535_10553_0;Нововоронцовка
9908_10535_10554_0;Новотроицкое
9908_10535_10557_0;Цюрупинск
9908_10535_10558_0;Чаплинка
9908_10559_10579_0;Хмельницкий
9908_10559_10570_0;Каменец-Подольский
9908_10559_10581_0;Шепетовка
9908_10559_2191338_0;Нетешин
9908_10559_10577_0;Староконстантинов
9908_10559_10560_0;Антонины
9908_10559_10561_0;Базалия
9908_10559_10562_0;Белогорье
9908_10559_10563_0;Виньковцы
9908_10559_10564_0;Волочиск
9908_10559_10565_0;Городок
9908_10559_10566_0;Грицев
9908_10559_10567_0;Деражня
9908_10559_10568_0;Дунаевцы
9908_10559_10569_0;Изяслав
9908_10559_10571_0;Красилов
9908_10559_10572_0;Летичев
9908_10559_10573_0;Новая Ушица
9908_10559_10574_0;Полонное
9908_10559_10575_0;Славута
9908_10559_10576_0;Старая Синява
9908_10559_10578_0;Теофиполь
9908_10559_10580_0;Чемеровцы
9908_10559_10582_0;Ярмолинцы
9908_10583_10603_0;Черкассы
9908_10583_10601_0;Умань
9908_10583_10599_0;Смела
9908_10583_10591_0;Золотоноша
9908_10583_65981191_0;Канев
9908_10583_10584_0;Ватутино
9908_10583_10585_0;Городище
9908_10583_10586_0;Драбов
9908_10583_10587_0;Ерки
9908_10583_10588_0;Жашков
9908_10583_10589_0;Зараевск
9908_10583_10590_0;Звенигородка
9908_10583_10592_0;Ирдынь
9908_10583_10593_0;Каменка
9908_10583_10594_0;Катеринополь
9908_10583_10595_0;Корсунь-Шевченковский
9908_10583_10596_0;Лысянка
9908_10583_10597_0;Маньковка
9908_10583_10598_0;Монастырище
9908_10583_10600_0;Тальное
9908_10583_10602_0;Христиновка
9908_10583_10604_0;Чернобай
9908_10583_10605_0;Чигирин
9908_10583_10606_0;Шпола
9908_10607_10631_0;Чернигов
9908_10607_10623_0;Нежин
9908_10607_10626_0;Прилуки
9908_10607_10609_0;Бахмач
9908_10607_10618_0;Козелец
9908_10607_10608_0;Батурин
9908_10607_10610_0;Березна
9908_10607_10611_0;Бобровица
9908_10607_10612_0;Борзна
9908_10607_10613_0;Варва
9908_10607_10614_0;Вертиевка
9908_10607_10615_0;Городня
9908_10607_90193186_0;Добрянка
9908_10607_10616_0;Замглай
9908_10607_10617_0;Ичня
9908_10607_10619_0;Короп
9908_10607_10620_0;Корюковка
9908_10607_10621_0;Куликовка
9908_10607_10622_0;Мена
9908_10607_10624_0;Новгород Северский
9908_10607_10625_0;Носовка
9908_10607_58410033_0;Припять
9908_10607_10627_0;Репки
9908_10607_10628_0;Семеновка
9908_10607_10629_0;Сосница
9908_10607_10630_0;Талалаевка
9908_10607_10632_0;Щорс
9908_10633_10647_0;Черновцы
9908_10633_10645_0;Сторожинец
9908_10633_10642_0;Новоселица
9908_10633_10646_0;Хотин
9908_10633_10644_0;Сокиряны
9908_10633_10634_0;Берегомет
9908_10633_10635_0;Вашковцы
9908_10633_10636_0;Вижница
9908_10633_10637_0;Герца
9908_10633_10638_0;Глыбокая
9908_10633_10639_0;Заставна
9908_10633_10640_0;Кельменцы
9908_10633_10641_0;Кицмань
9908_10633_10643_0;Путила
